,登録名,チーム2018,WHIP2018,WHIP2017,WHIP2016,WHIP2015,WHIP2014,WHIP2013,WHIP2012,WHIP2011,WHIP2010,WHIP2009
414,髙橋　朋己,西武,-,1.88,1.5,,,,,,,
497,岩嵜　翔,ソフトバンク,0.00,0.98,1.07,1.41,1.27,1.35,1.16,1.16,1.75,1.85
809,小川　龍也,西武,0.27,1.30,0.95,2.00,1.86,1.67,1.25,0.0,,
123,齋藤　綱記,オリックス,0.38,,2.0,,,,,,,
841,杉浦　稔大,日本ハム,0.65,0.86,1.94,1.51,1.09,,,,,
345,嘉弥真　新也,ソフトバンク,0.68,1.29,1.77,1.27,1.45,0.99,2.54,,,
255,比嘉　幹貴,オリックス,0.72,0.72,1.71,3.60,1.15,1.06,0.80,1.5,0.69,
694,ヒース,西武,0.82,,,1.25,1.18,,,,,
158,山田　修義,オリックス,0.85,2.51,1.41,1.84,,3.00,1.62,,2.00,
251,大下　佑馬,ヤクルト,0.91,,,,,,,,,
388,メルセデス,巨人,0.92,,,,,,,,,
519,岸　孝之,楽天,0.93,1.02,1.22,0.91,1.00,1.04,0.96,1.26,1.11,1.23
466,大瀬良　大地,広島,0.95,1.28,0.97,1.30,1.36,,,,,
175,山本　由伸,オリックス,0.95,1.65,,,,,,,,
225,宮西　尚生,日本ハム,0.99,1.13,1.06,1.00,1.40,1.20,1.08,0.98,0.80,1.16
390,田川　賢吾,ヤクルト,1.00,,,,,,,,,
816,椎野　新,ソフトバンク,1.00,,,,,,,,,
713,フランスア,広島,1.01,,,,,,,,,
722,松本　裕樹,ソフトバンク,1.02,1.54,1.0,,,,,,,
351,マシソン,巨人,1.02,1.02,1.09,1.17,1.26,0.89,0.98,,,
740,佐藤　優,中日,1.03,1.73,1.56,,,,,,,
165,岩瀬　仁紀,中日,1.03,1.43,1.65,,1.53,1.26,1.12,1.23,1.25,1.16
25,上原　浩治,巨人,1.03,,,,,,,,,
307,ミランダ,ソフトバンク,1.03,,,,,,,,,
208,菊池　雄星,西武,1.04,0.91,1.29,1.14,1.51,1.14,1.23,1.31,,
538,菅野　智之,巨人,1.06,0.85,0.99,1.06,1.10,1.15,,,,
849,平井　克典,西武,1.07,1.18,,,,,,,,
333,上沢　直之,日本ハム,1.08,1.27,,1.39,1.17,,,,,
184,近藤　大亮,オリックス,1.08,1.08,1.67,,,,,,,
332,井口　和朋,日本ハム,1.08,1.15,1.17,,,,,,,
157,石山　泰稚,ヤクルト,1.09,1.17,1.5,1.40,1.44,1.51,,,,
219,益田　直也,ロッテ,1.09,1.73,1.17,1.30,1.41,1.31,1.06,,,
667,東明　大貴,オリックス,1.09,1.38,1.73,1.17,1.38,,,,,
361,岸田　護,オリックス,1.09,1.33,1.9,1.12,1.06,1.07,1.19,1.17,1.25,1.11
808,二木　康太,ロッテ,1.10,1.19,1.52,1.20,,,,,,
593,青山　浩二,楽天,1.11,1.15,1.53,0.95,1.37,1.34,1.04,1.14,1.18,1.52
829,アルバース,オリックス,1.11,,,,,,,,,
701,佐藤　祥万,広島,1.11,1.65,2.57,,,1.77,1.71,1.75,0.71,
745,玉井　大翔,日本ハム,1.11,0.99,,,,,,,,
280,澤田　圭佑,オリックス,1.11,1.46,,,,,,,,
155,田原　誠次,巨人,1.11,1.39,1.43,1.11,0.75,1.44,1.25,,,
771,山﨑　康晃,DeNA,1.11,0.99,1.39,,,,,,,
168,公文　克彦,日本ハム,1.12,1.28,1.11,,,1.67,,,,
651,大竹　耕太郎,ソフトバンク,1.13,,,,,,,,,
452,浦野　博司,日本ハム,1.13,1.58,,1.63,1.22,,,,,
407,石川　歩,ロッテ,1.14,1.40,1.01,1.26,1.26,,,,,
458,能見　篤史,阪神,1.14,1.22,1.3,1.30,1.29,1.08,1.07,1.03,1.22,1.13
150,吉田　一将,オリックス,1.15,0.91,1.05,1.64,1.24,,,,,
635,東　克樹,DeNA,1.15,,,,,,,,,
876,伊藤　翔,西武,1.15,,,,,,,,,
574,内　竜也,ロッテ,1.15,1.31,0.9,1.22,2.06,1.09,1.08,0.97,1.20,1.42
188,塩見　貴洋,楽天,1.16,1.25,1.23,1.06,1.41,,1.27,1.15,,
594,宮國　椋丞,巨人,1.16,1.44,1.18,1.08,1.79,1.69,1.07,,,
463,ハーマン,楽天,1.17,1.15,,,,,,,,
760,藤川　球児,阪神,1.17,1.15,1.4,,,,1.03,0.75,1.07,0.82
779,小熊　凌祐,中日,1.17,1.59,1.32,1.33,2.50,0.84,3.00,2.22,,
234,郭　俊麟,西武,1.17,,1.7,1.68,,,,,,
249,三嶋　一輝,DeNA,1.17,1.84,1.33,1.34,2.29,1.48,,,,
130,サファテ,ソフトバンク,1.17,0.67,0.82,0.63,1.05,0.92,1.35,0.92,,
539,唐川　侑己,ロッテ,1.18,1.36,1.36,1.68,1.54,1.38,1.13,1.08,1.22,1.21
719,相内　誠,西武,1.18,,,,,,,,,
30,ボルシンガー,ロッテ,1.18,,,,,,,,,
877,桑原　謙太朗,阪神,1.19,0.94,,2.37,1.88,1.62,0.50,1.33,1.64,0.88
290,山口　俊,巨人,1.20,1.90,1.13,1.48,1.35,1.33,1.10,1.06,1.18,1.11
368,一岡　竜司,広島,1.20,1.06,1.05,1.70,0.74,1.35,1.00,,,
615,関谷　亮太,ロッテ,1.20,1.64,1.52,,,,,,,
6,田村　伊知郎,西武,1.20,1.67,,,,,,,,
487,ディクソン,オリックス,1.21,1.37,1.48,1.25,1.37,1.35,,,,
480,千賀　滉大,ソフトバンク,1.21,1.07,1.05,0.85,0.97,1.03,3.21,,,
317,松永　昂大,ロッテ,1.21,1.24,1.36,1.28,1.55,1.24,,,,
87,岩貞　祐太,阪神,1.21,1.40,1.1,1.69,1.33,,,,,
404,山井　大介,中日,1.22,0.75,1.3,1.30,1.28,1.53,0.93,1.51,1.31,1.69
110,村田　透,日本ハム,1.22,1.35,,,,,,,,
454,須田　幸太,DeNA,1.22,1.50,1.34,1.46,1.53,1.58,2.04,1.47,,
103,ジー,中日,1.22,,,,,,,,,
200,田嶋　大樹,オリックス,1.22,,,,,,,,,
334,田中　靖洋,ロッテ,1.22,0.66,1.29,1.13,2.29,,1.92,,1.74,
532,森　唯斗,ソフトバンク,1.22,1.13,1.38,0.93,0.94,,,,,
221,有原　航平,日本ハム,1.22,1.38,1.21,1.40,,,,,,
160,吉見　一起,中日,1.23,1.41,1.23,0.96,1.20,1.38,0.97,0.87,1.17,1.05
74,メッセンジャー,阪神,1.23,1.24,1.28,1.15,1.23,1.17,1.17,1.16,1.48,
141,秋山　拓巳,阪神,1.23,1.09,1.25,1.19,3.30,1.30,2.13,2.05,1.14,
281,西　勇輝,オリックス,1.23,1.16,1.32,1.13,1.16,1.33,1.13,1.03,1.11,0.25
113,東浜　巨,ソフトバンク,1.24,1.12,1.11,1.82,1.64,1.26,,,,
408,黒木　優太,オリックス,1.24,1.22,,,,,,,,
196,宋　家豪,楽天,1.24,,,,,,,,,
879,上原　健太,日本ハム,1.24,1.85,1.0,,,,,,,
582,成田　翔,ロッテ,1.25,1.30,,,,,,,,
782,則本　昂大,楽天,1.25,1.06,1.24,1.15,1.12,1.14,,,,
659,藤岡　好明,DeNA,1.25,2.31,,1.70,1.83,1.43,0.99,1.8,1.43,1.34
172,今村　信貴,巨人,1.25,2.37,1.59,,1.68,1.29,,,,
366,岩田　稔,阪神,1.25,1.45,2.26,1.27,1.12,1.35,1.29,0.98,,1.14
858,高梨　裕稔,日本ハム,1.25,1.28,1.05,1.09,,,,,,
364,原　樹理,ヤクルト,1.26,1.27,1.57,,,,,,,
638,石川　柊太,ソフトバンク,1.26,1.21,,,,,,,,
544,ジョンソン,広島,1.26,1.36,1.13,1.10,,,,,,
371,榎田　大樹,西武,1.27,1.89,1.39,1.50,1.79,1.17,1.32,1.12,,
530,高梨　雄平,楽天,1.27,1.10,,,,,,,,
702,ガルシア,中日,1.27,,,,,,,,,
725,マルティネス,日本ハム,1.27,,,,,,,,,
355,久保　裕也,楽天,1.27,1.30,1.42,,1.34,,4.00,0.94,1.04,1.24
823,武田　翔太,ソフトバンク,1.28,1.42,1.27,1.22,1.34,1.58,0.99,,,
761,今井　達也,西武,1.28,,,,,,,,,
650,小川　泰弘,ヤクルト,1.28,1.15,1.27,1.19,1.30,1.12,,,,
514,田中　健二朗,DeNA,1.29,1.37,1.45,1.38,1.57,1.69,1.33,2.0,1.28,
822,石川　直也,日本ハム,1.29,1.63,1.0,,,,,,,
248,多和田　真三郎,西武,1.29,1.23,1.43,,,,,,,
131,バンデンハーク,ソフトバンク,1.29,1.14,0.96,0.98,,,,,,
604,バリオス,DeNA,1.29,,1.97,1.56,1.88,,,,,
387,岩本　輝,オリックス,1.29,,,1.64,1.36,1.75,1.18,,,
256,中澤　雅人,ヤクルト,1.29,1.25,1.13,1.58,1.30,2.65,1.33,3.5,1.58,
224,浅尾　拓也,中日,1.29,2.67,,1.55,1.53,1.30,1.00,0.82,0.87,1.16
795,マーティン,西武,1.29,0.72,0.63,,,,,,,
764,三上　朋也,DeNA,1.30,1.24,1.11,1.12,1.25,,,,,
339,ヤングマン,巨人,1.31,,,,,,,,,
442,山岡　泰輔,オリックス,1.31,1.27,,,,,,,,
313,青柳　晃洋,阪神,1.31,1.26,1.19,,,,,,,
46,ドリス,阪神,1.31,1.11,1.03,,,,,,,
541,増井　浩俊,オリックス,1.32,1.10,1.2,1.05,1.22,1.38,1.26,1.06,1.55,
595,福谷　浩司,中日,1.32,1.65,1.35,1.45,1.07,2.05,,,,
882,モイネロ,ソフトバンク,1.32,0.98,,,,,,,,
459,吉川　光夫,巨人,1.32,1.72,1.61,1.31,1.60,1.29,0.88,1.71,1.77,1.78
634,金子　千尋,オリックス,1.32,1.17,1.25,1.11,1.04,1.00,1.26,1.06,1.12,1.07
674,小野　郁,楽天,1.33,1.00,2.18,2.80,,,,,,
668,石崎　剛,阪神,1.33,1.01,1.22,1.76,,,,,,
758,風張　蓮,ヤクルト,1.33,1.00,2.3,0.00,,,,,,
50,堀　瑞輝,日本ハム,1.33,1.13,,,,,,,,
645,藤嶋　健人,中日,1.33,,,,,,,,,
862,望月　惇志,阪神,1.33,,1.0,,,,,,,
202,十亀　剣,西武,1.33,1.38,1.63,1.30,1.41,1.23,1.26,,,
744,トンキン,日本ハム,1.33,,,,,,,,,
413,野村　祐輔,広島,1.34,1.22,1.15,1.52,1.44,1.20,1.13,,,
166,砂田　毅樹,DeNA,1.34,1.23,1.57,1.49,,,,,,
65,辛島　航,楽天,1.34,1.22,1.31,1.34,1.33,1.39,1.05,,1.58,2.20
671,濱矢　廣大,楽天,1.34,2.19,2.28,2.80,2.40,,,,,
529,岡田　明丈,広島,1.35,1.39,1.28,,,,,,,
23,秋吉　亮,ヤクルト,1.35,1.14,0.93,1.03,1.00,,,,,
119,エスコバー,DeNA,1.35,,,,,,,,,
662,涌井　秀章,ロッテ,1.35,1.32,1.29,1.25,1.34,1.28,1.40,1.26,1.25,1.12
536,武藤　祐太,DeNA,1.35,,2.25,1.57,1.08,1.41,1.03,1.38,,
672,内海　哲也,巨人,1.36,1.46,1.17,1.54,1.21,1.27,1.15,1.08,1.35,1.10
749,西宮　悠介,楽天,1.36,1.07,1.44,2.14,1.45,,,,,
581,岡本　健,ソフトバンク,1.36,1.69,1.29,,,,,,,
547,ブキャナン,ヤクルト,1.37,1.34,,,,,,,,
542,近藤　一樹,ヤクルト,1.37,1.19,,1.51,1.57,1.75,1.50,1.62,1.40,1.54
884,菅原　秀,楽天,1.37,1.74,,,,,,,,
436,パットン,DeNA,1.38,1.15,,,,,,,,
194,ウルキデス,ヤクルト,1.38,,,,,,,,,
891,才木　浩人,阪神,1.38,1.88,,,,,,,,
453,髙橋　遥人,阪神,1.38,,,,,,,,,
185,野上　亮磨,巨人,1.38,1.06,1.45,1.29,1.37,1.19,1.42,1.85,1.68,1.46
321,永川　勝浩,広島,1.38,,1.6,1.56,1.15,0.96,,1.46,1.94,1.32
133,アドゥワ　誠,広島,1.39,,,,,,,,,
677,有吉　優樹,ロッテ,1.40,1.16,,,,,,,,
599,松井　裕樹,楽天,1.40,1.08,1.4,0.90,1.36,,,,,
102,鈴木　博志,中日,1.41,,,,,,,,,
548,高野　圭佑,ロッテ,1.41,2.34,1.96,,,,,,,
718,祖父江　大輔,中日,1.41,1.31,1.16,1.17,1.21,,,,,
235,美馬　学,楽天,1.41,1.10,1.37,1.42,1.50,1.52,1.15,0.87,,
616,カスティーヨ,西武,1.41,,,,,,,,,
710,ハフ,ヤクルト,1.42,,,,,,,,,
409,加藤　貴之,日本ハム,1.42,1.36,1.34,,,,,,,
176,齊藤　大将,西武,1.42,,,,,,,,,
793,カラシティー,ヤクルト,1.43,,,,,,,,,
228,野田　昇吾,西武,1.43,0.99,1.42,,,,,,,
870,西村　天裕,日本ハム,1.43,,,,,,,,,
475,加治屋　蓮,ソフトバンク,1.43,2.08,2.0,,,,,,,
430,石田　健大,DeNA,1.43,1.17,1.07,1.30,,,,,,
864,鍵谷　陽平,日本ハム,1.44,0.88,1.3,1.64,1.22,1.37,,,,
52,古野　正人,ヤクルト,1.44,,1.95,1.56,1.75,1.58,,,,
31,笠原　祥太郎,中日,1.44,1.21,,,,,,,,
682,井納　翔一,DeNA,1.44,1.27,1.34,1.51,1.33,1.52,,,,
138,小笠原　慎之介,中日,1.44,1.49,1.33,,,,,,,
724,鍬原　拓也,巨人,1.45,,,,,,,,,
353,伊藤　和雄,阪神,1.45,1.34,1.64,,1.60,,2.50,,,
875,土肥　星也,ロッテ,1.45,1.91,,,,,,,,
206,岡本　洋介,阪神,1.45,1.38,3.0,1.20,1.52,1.38,2.67,,2.07,
240,加賀　繁,DeNA,1.45,1.37,1.5,1.75,1.17,1.47,1.02,1.17,1.33,
482,中田　賢一,ソフトバンク,1.46,1.41,1.26,1.26,1.41,1.33,1.09,1.09,1.19,1.26
867,小石　博孝,西武,1.46,2.03,1.35,1.00,1.31,2.05,1.48,,,
450,石川　雅規,ヤクルト,1.46,1.44,1.36,1.21,1.39,1.23,1.25,1.18,1.27,1.16
717,ジャクソン,広島,1.46,1.00,1.01,,,,,,,
467,尾仲　祐哉,阪神,1.46,1.91,,,,,,,,
503,中﨑　翔太,広島,1.46,0.92,1.13,,,,,,,
120,種市　篤暉,ロッテ,1.47,,,,,,,,,
80,高橋　礼,ソフトバンク,1.47,,,,,,,,,
451,チェン・グァンユウ,ロッテ,1.48,1.40,1.42,1.37,,,,,,
405,九里　亜蓮,広島,1.48,1.33,1.45,1.63,1.49,,,,,
397,古川　侑利,楽天,1.49,1.27,1.43,,3.00,,,,,
411,森原　康平,楽天,1.50,1.40,,,,,,,,
342,山中　浩史,ヤクルト,1.50,1.43,1.14,1.22,,1.88,,,,
76,松坂　大輔,中日,1.51,,5.0,,,,,,,
896,近藤　弘樹,楽天,1.52,,,,,,,,,
260,岩崎　優,阪神,1.52,1.26,1.35,1.21,1.23,,,,,
78,ウィーランド,DeNA,1.52,1.14,,,,,,,,
269,酒居　知史,ロッテ,1.53,1.27,,,,,,,,
562,福井　優也,広島,1.53,1.73,1.49,1.21,1.45,2.03,1.52,1.37,,
486,ローチ,オリックス,1.54,,,,,,,,,
883,柳　裕也,中日,1.54,1.07,,,,,,,,
553,ウルフ,西武,1.54,1.34,1.27,2.44,1.23,1.28,1.31,1.31,1.27,
732,攝津　正,ソフトバンク,1.55,1.46,1.49,1.31,1.28,1.11,1.04,1.01,0.89,1.08
839,飯田　哲矢,広島,1.55,2.86,1.2,1.29,,,,,,
350,今村　猛,広島,1.56,1.24,1.11,1.42,1.26,1.50,1.06,1.35,3.25,
676,澤村　拓一,巨人,1.56,,1.27,1.16,1.14,1.14,1.33,0.97,,
549,木下　雄介,中日,1.56,,,,,,,,,
393,由規,ヤクルト,1.57,1.49,1.79,,,,,1.24,1.38,1.37
678,中川　皓太,巨人,1.57,1.28,2.5,,,,,,,
309,髙橋　光成,西武,1.58,1.42,1.57,,,,,,,
263,藤平　尚真,楽天,1.58,1.04,,,,,,,,
7,中尾　輝,ヤクルト,1.59,2.75,,,,,,,,
359,今野　龍太,楽天,1.60,,,2.10,1.69,,,,,
385,濵口　遥大,DeNA,1.60,1.50,,,,,,,,
63,平田　真吾,DeNA,1.60,1.35,3.0,1.34,1.08,,,,,
79,松葉　貴大,オリックス,1.60,1.24,1.27,1.60,1.23,1.37,,,,
513,大谷　智久,ロッテ,1.61,1.17,1.34,0.97,0.91,1.57,1.26,1.22,1.73,
81,二保　旭,ソフトバンク,1.61,,,1.41,,1.89,,,,
787,山﨑　福也,オリックス,1.62,1.60,1.27,,,,,,,
67,シェッパーズ,ロッテ,1.62,,,,,,,,,
415,飯塚　悟史,DeNA,1.62,1.48,,,,,,,,
477,田口　麗斗,巨人,1.63,1.22,1.23,1.21,,,,,,
295,松本　直晃,西武,1.63,,1.88,,,,,,,
152,ワグナー,西武,1.63,,,,,,,,,
838,小野　泰己,阪神,1.64,1.50,,,,,,,,
614,山本　哲哉,ヤクルト,1.64,1.62,,1.27,1.58,1.24,1.25,1.5,,
179,南　昌輝,ロッテ,1.64,1.75,1.07,,1.46,1.88,1.36,,,
40,モレノ,阪神,1.65,,,,,,,,,
481,平良　拳太郎,DeNA,1.66,2.14,1.91,,,,,,,
296,中村　祐太,広島,1.66,1.26,,,,,,,,
192,今永　昇太,DeNA,1.66,1.13,1.08,,,,,,,
460,田島　慎二,中日,1.67,1.04,1.27,1.24,1.49,1.52,0.95,,,
60,大竹　寛,巨人,1.67,1.35,1.32,1.20,1.25,1.23,1.29,1.11,1.78,1.28
402,松田　遼馬,ソフトバンク,1.67,1.51,0.85,1.63,1.07,1.35,,,,
257,アダメス,巨人,1.67,,,,,,,,,
827,星　知弥,ヤクルト,1.67,1.50,,,,,,,,
543,渡邉　啓太,ロッテ,1.68,,,,,,,,,
560,大山　暁史,オリックス,1.69,1.23,2.54,,0.00,,,,,
751,スアレス,ソフトバンク,1.71,,1.25,,,,,,,
860,武隈　祥太,西武,1.71,1.10,1.28,1.59,1.25,1.17,1.45,0.5,1.47,1.64
868,又吉　克樹,中日,1.71,1.09,1.37,1.20,0.96,,,,,
59,谷岡　竜平,巨人,1.71,3.33,,,,,,,,
837,宮台　康平,日本ハム,1.71,,,,,,,,,
55,松岡　健一,ヤクルト,1.71,1.26,1.54,1.25,1.41,1.50,1.58,0.98,1.05,1.45
741,髙橋　聡文,阪神,1.73,0.90,1.28,,,,,,,
900,池田　駿,巨人,1.73,1.22,,,,,,,,
209,高橋　樹也,広島,1.75,1.71,,,,,,,,
742,藤井　皓哉,広島,1.75,0.00,,,,,,,,
230,田中　正義,ソフトバンク,1.76,,,,,,,,,
653,伊藤　準規,中日,1.76,1.47,1.6,1.89,1.84,,0.83,1.52,1.29,0.00
149,カミネロ,巨人,1.77,1.25,,,,,,,,
473,国吉　佑樹,DeNA,1.77,1.13,4.2,1.14,1.35,1.71,1.48,,,
723,五十嵐　亮太,ソフトバンク,1.77,0.98,1.35,0.88,0.86,1.05,,,,1.16
246,中後　悠平,DeNA,1.77,,,,2.00,6.00,1.67,,,
903,大石　達也,西武,1.78,1.09,1.07,1.20,,1.50,1.42,,,
291,岩下　大輝,ロッテ,1.78,,,,,,,,,
810,京山　将弥,DeNA,1.80,,,,,,,,,
39,増田　達至,西武,1.82,0.96,1.21,1.07,1.07,1.50,,,,
244,森　雄大,楽天,1.82,1.56,,1.47,1.81,,,,,
857,高木　勇人,西武,1.83,0.91,1.34,1.16,,,,,,
362,馬場　皐輔,阪神,1.85,,,,,,,,,
111,大野　雄大,中日,1.87,1.31,1.26,1.04,1.23,1.33,1.21,2.5,,
665,寺原　隼人,ソフトバンク,1.88,1.49,1.73,1.08,1.34,1.37,1.44,1.2,,1.35
115,海田　智行,オリックス,1.88,1.41,1.15,1.28,1.58,1.33,1.47,,,
177,藤浪　晋太郎,阪神,1.89,1.66,1.31,1.23,1.31,1.18,,,,
329,谷川　昌希,阪神,1.89,,,,,,,,,
803,池田　隆英,楽天,1.90,,,,,,,,,
20,篠原　慎平,巨人,1.90,1.43,,,,,,,,
498,白村　明弘,日本ハム,1.93,1.14,1.42,1.06,1.36,,,,,
545,福山　博之,楽天,1.97,1.06,1.21,1.41,1.11,1.27,2.00,1.28,,
571,島本　浩也,阪神,2.00,,1.34,2.13,,,,,,
112,笠原　大芽,ソフトバンク,2.00,1.08,,,,,,,,
48,カンポス,広島,2.00,,,,,,,,,
372,梅野　雄吾,ヤクルト,2.00,1.75,,,,,,,,
832,阿部　和成,ロッテ,2.00,2.00,1.9,1.70,,1.64,1.21,2.88,,
42,館山　昌平,ヤクルト,2.00,2.17,1.98,1.28,,1.44,1.10,0.97,1.16,1.27
114,沼田　拓巳,ヤクルト,2.00,,,,,,,,,
386,西野　勇士,ロッテ,2.00,1.69,1.16,1.04,0.83,1.29,,,,
468,森福　允彦,巨人,2.00,1.45,0.93,1.65,0.97,0.90,0.98,0.86,0.90,1.36
531,マテオ,阪神,2.05,1.12,1.16,,,,,,,
802,佐野　泰雄,西武,2.07,1.69,1.35,2.20,,,,,,
19,田中　豊樹,日本ハム,2.09,1.42,1.5,,,,,,,
679,戸田　隆矢,広島,2.12,1.50,1.23,1.42,1.42,3.46,2.00,,,
754,三ツ間　卓也,中日,2.12,1.65,,,,,,,,
306,岡田　俊哉,中日,2.13,1.43,1.24,0.92,1.35,1.20,,,,
527,オルモス,ロッテ,2.14,,,,,,,,,
170,吉田　侑樹,日本ハム,2.18,1.69,,,,,,,,
53,高橋　昂也,広島,2.19,,,,,,,,,
128,釜田　佳直,楽天,2.21,1.53,1.54,1.85,,2.34,1.46,,,
554,笠谷　俊介,ソフトバンク,2.22,0.60,,,,,,,,
311,薮田　和樹,広島,2.25,1.19,1.39,1.80,,,,,,
145,豊田　拓矢,西武,2.25,,1.67,1.36,1.46,,,,,
327,金田　和之,オリックス,2.27,1.33,1.67,2.59,1.36,,,,,
376,藤岡　貴裕,日本ハム,2.31,3.00,1.23,1.30,1.45,1.37,1.42,,,
86,中村　恭平,広島,2.37,,1.69,2.40,,1.53,1.38,1.43,,
304,青山　大紀,オリックス,2.40,2.25,1.5,,,,,,,
421,高木　京介,巨人,2.40,,,1.07,1.16,1.34,0.83,,,
646,山田　大樹,ヤクルト,2.47,1.50,1.83,,2.20,1.75,1.25,1.09,1.57,
733,斎藤　佑樹,日本ハム,2.48,1.57,1.56,1.56,1.69,2.50,1.67,1.47,,
777,清水　達也,中日,2.50,,,,,,,,,
485,新垣　勇人,日本ハム,2.50,1.00,1.29,1.36,2.25,2.31,,,,
654,守屋　功輝,阪神,2.57,-,2.4,,,,,,,
561,谷元　圭介,中日,2.59,,1.13,1.22,0.88,1.46,1.26,1.42,1.40,1.63
655,山本　翔也,阪神,2.67,1.70,1.2,1.31,3.00,,,,,
146,長井　良太,広島,2.70,,,,,,,,,
557,中田　廉,広島,2.71,1.22,2.08,1.40,1.31,1.38,1.44,1.86,1.36,
5,Ｋ－鈴木,オリックス,2.73,,,,,,,,,
51,小林　慶祐,オリックス,2.78,1.25,,,,,,,,
772,田村　丈,DeNA,3.00,,,,,,,,,
738,南川　忠亮,西武,3.21,2.14,1.75,,,,,,,
180,本田　圭佑,西武,3.43,1.70,1.93,,,,,,,
148,中塚　駿太,西武,3.50,4.50,,,,,,,,
227,戸村　健次,楽天,4.00,1.50,1.38,1.46,1.69,1.34,1.63,1.57,1.90,
598,寺島　成輝,ヤクルト,4.00,2.67,,,,,,,,
537,福永　春吾,阪神,4.00,3.25,,,,,,,,
627,大隣　憲司,ロッテ,4.20,2.73,1.0,1.04,0.87,1.22,1.09,0.75,1.44,1.43
395,村中　恭兵,ヤクルト,4.50,1.30,1.51,,1.29,1.74,1.49,1.26,1.38,1.72
660,髙田　萌生,巨人,4.50,,,,,,,,,
0,木村　雄太,,,,,,,,1.50,0.94,,
1,今井　啓介,,,1.80,,1.00,2.18,1.37,1.25,1.35,1.61,1.16
2,ペン,,,,,,,,1.38,1.23,1.32,
3,藤田　宗一,,,,,,,,,1.61,,1.21
4,ピント,,,,,,,,2.18,,,
8,ソーサ,,,,,,2.07,1.19,1.15,,,
9,武田　久,,,1.91,2.77,,2.74,1.69,1.38,0.78,1.40,1.13
10,コーリー,,,,,,,,,,1.47,
11,甲藤　啓介,,,,,,,,1.58,,1.17,0.90
12,朴　贊浩,,,,,,,,,1.33,,
13,石井　弘寿,,,,,,,,,0.0,,
14,金伏　ウーゴ,,,,,5.00,,,,,,
15,飯田　優也,,,1.48,1.22,1.26,1.30,,,,,
16,高木　啓充,,,,,,,,,,1.15,1.02
17,牧田　和久,,,1.02,0.89,1.36,1.29,1.25,1.19,0.95,,
18,植松　優友,,,,,2.25,,,,,,
21,若竹　竜士,,,,,,,,2.57,2.0,2.17,
22,柳瀬　明宏,,,6.60,2.0,1.55,1.13,1.02,,,,3.25
24,小山　伸一郎,,,,,-,1.82,1.31,1.11,1.09,1.21,1.19
26,スタンリッジ,,,1.58,1.31,1.34,1.24,1.29,1.19,1.21,1.25,
27,大沼　幸二,,,,,,,,,1.97,1.71,1.35
28,ジョーダン,,,1.17,1.36,,,,,,,
29,コズロースキー,,,,,,,,,,,9.00
32,菊沢　竜佑,,,2.33,,,,,,,,
33,石井　一久,,,,,,,1.69,1.28,1.32,1.33,1.38
34,高橋　尚成,,,,,2.16,,,,,,1.27
35,久保田　智之,,,,,,,1.43,1.33,1.66,1.09,3.86
36,王　溢正,,,,,,,,2.10,,,
37,岩崎　哲也,,,,,,,,,2.57,2.40,1.58
38,牛田　成樹,,,,,,,,2.14,1.14,1.08,1.83
41,コーク,,,1.69,,,,,,,,
43,セドン,,,,,,1.50,,,,,
44,朝倉　健太,,,,,2.31,1.37,2.40,1.50,2.0,1.67,1.35
45,長谷川　潤,,,,2.05,,,,,,,
47,宮本　賢,,,,,,,,,,-,1.43
49,山本　斉,,,,,,,,,1.62,3.50,1.17
54,藤原　紘通,,,,,,,,,3.0,2.51,1.31
56,モリーヨ,,,,,,,,,,1.20,
57,松山　傑,,,,,,,,,,2.00,
58,ギルメット,,,1.17,,,,,,,,
61,武藤　好貴,,,,2.0,1.61,1.45,,1.29,,,
62,江村　将也,,,,,,1.34,1.65,,,,
64,ザラテ,,,,,,,2.40,,,,
66,須永　英輝,,,,,1.50,12.00,,,,1.84,1.56
68,伊藤　剛,,,,,,,,,,,0.00
69,ルイス,,,,,,,,,,,0.99
70,ポーリーノ,,,,1.57,,,,,,,
71,高橋　建,,,,,,,,,,1.87,
72,柳川　洋平,,,,,,,,,0.71,,
73,森本　将太,,,,,4.00,,1.93,,,,
75,木谷　良平,,,,4.5,2.00,1.69,1.28,,,,
77,河原　純一,,,,,,,,,1.33,1.36,1.00
82,矢貫　俊之,,,,1.45,,1.37,1.34,1.47,1.4,1.59,
83,ペニー,,,,,,,,3.00,,,
84,ユウキ,,,,,,,,,,0.00,1.39
85,サンチェス,,,,,,,,,1.71,,
88,ブロードウェイ,,,,1.5,,,,,,,
89,西原　圭大,,,,2.6,1.29,1.71,,,,,
90,黒沢　翔太,,,2.50,1.67,1.38,2.00,,,,,
91,Ｍ．中村,,,,,,,,,,,1.55
92,石井　裕也,,,1.83,0.92,1.29,2.28,1.48,0.82,1.11,0.94,1.46
93,ラズナー,,,,,,,1.12,1.14,1.28,1.39,1.44
94,ブラッドリー,,,,,,,1.44,,,,
95,服部　泰卓,,,,,,2.54,1.28,,2.4,3.35,
96,入野　貴大,,,1.59,2.18,1.61,,,,,,
97,ＭＩＣＨＥＡＬ,,,,,,,,1.32,1.2,1.05,
98,岩尾　利弘,,,,2.33,1.79,0.95,2.11,,,4.00,
99,クロッタ,,,,,1.92,1.11,,,,,
100,上野　貴久,,,,,,,,,,0.00,
101,ヒメネス,,,,,,,,1.30,1.63,,
104,松本　輝,,,,,,,,,,2.17,1.50
105,木田　優夫,,,,,,,,3.00,1.5,1.63,1.54
106,バンヘッケン,,,,1.86,,,,,,,
107,ヘーゲンズ,,,2.07,1.25,,,,,,,
108,バレット,,,,,,,,,,,2.29
109,トーレス,,,,,,,,,1.54,,
116,弥太郎,,,,,,,,,,1.47,
117,長谷川　昌幸,,,,,,,,,,,1.63
118,中郷　大樹,,,,,,1.88,1.30,1.06,1.35,,1.63
121,平野　将光,,,,,,2.16,,1.50,1.47,1.29,1.42
122,伊藤　拓郎,,,,,,,,1.50,,,
124,伊藤　義弘,,,,,1.35,1.40,2.20,1.50,1.22,1.25,1.50
125,阿斗里,,,,,,,,4.00,0.95,1.53,2.00
126,横山　弘樹,,,,1.59,,,,,,,
127,鄭　凱文,,,,,,,1.81,1.27,1.5,,
129,八木　智哉,,,1.45,0.83,1.42,1.91,1.73,1.25,1.4,1.67,1.27
132,土屋　健二,,,,,,2.10,1.86,-,,3.19,
134,丸山　泰資,,,1.83,,,,,,,,
135,久米　勇紀,,,,,,,,,,3.67,1.21
136,ダルビッシュ　有,,,,,,,,,0.83,1.01,0.90
137,佐藤　勇,,,,1.48,,,,,,,
139,赤川　克紀,,,,,,2.03,1.68,1.33,1.2,1.50,-
140,木村　文紀,,,,,,,,1.43,1.32,,
142,高島　祥平,,,,,,,,,,7.00,
143,川島　亮,,,,,,,,,2.0,1.41,1.33
144,矢地　健人,,,,,1.50,,0.86,0.84,3.0,3.00,
147,井上　雄介,,,,,,,,1.64,,2.43,
151,デイビーズ,,,,1.4,,,,,,,
153,成瀬　善久,,,1.26,1.51,1.31,1.36,1.22,1.05,1.09,1.02,1.13
154,加藤　幹典,,,,,,,,,1.7,1.87,-
156,西村　健太朗,,,1.21,1.64,1.00,1.58,1.09,0.88,1.13,1.40,1.58
159,コーコラン,,,,,,,1.81,,,,
161,金　無英,,,,1.0,,1.14,1.42,1.21,0.78,,2.00
162,吉原　正平,,,,,,2.14,,,,,
163,大島　崇行,,,,,,,,3.00,1.18,1.46,1.66
164,鈴木　義広,,,,,,-,1.47,1.63,1.27,1.17,1.29
167,サンティアゴ,,,,,1.62,,,,,,
169,吉川　昌宏,,,,,,,,,,2.22,0.78
171,岩見　優輝,,,,,,,1.20,,2.19,,
173,ロー,,,,,,,,,,,1.78
174,グラマン,,,,,,,,,1.54,4.07,1.60
178,長谷部　康平,,,,1.71,3.00,1.37,0.99,,1.1,1.65,1.66
181,大嶺　祐太,,,1.79,2.11,1.40,1.46,1.59,,5.25,1.57,1.58
182,東條　大樹,,,1.71,2.4,,,,,,,
183,和田　毅,,,0.89,1.08,,,,,1.0,1.18,1.14
186,三浦　大輔,,,,2.25,1.31,1.29,1.22,1.14,1.14,1.64,1.09
187,ガラテ,,,,,1.41,,,,,,
189,レデズマ,,,,,,,1.43,3.00,,,
190,松井　光介,,,,,,,8.00,1.28,1.48,1.37,1.33
191,小山田　保裕,,,,,,,,,,,1.90
193,本柳　和也,,,,,,,,,,,2.38
195,前田　健太,,,,,1.01,1.10,0.96,0.99,1.02,0.98,1.16
197,デラバー,,,,0.0,,,,,,,
198,小野寺　力,,,,,,,,1.29,2.81,1.15,1.34
199,馬原　孝浩,,,,,2.16,1.28,0.33,,1.14,1.09,1.32
201,ミコライオ,,,,0.95,,1.20,1.22,0.97,,,
203,シコースキー,,,,,,,,,1.64,1.10,0.91
204,マーフィー,,,,,,,,,1.46,1.47,
205,ルーキ,,,1.20,1.33,,,,,,,
207,山本　淳,,,,,,,1.75,1.86,,2.10,2.23
210,ブーチェック,,,,,,,,,,1.78,
211,パディーヤ,,,,,,,1.14,,,,
212,高木　康成,,,,,,,1.00,0.96,1.4,1.05,1.60
213,小林　賢司,,,,,,,,,,,3.00
214,ネイラー,,,,1.41,1.29,,,,,,
215,山崎　正貴,,,,,,,,,,3.75,
216,渡邉　恒樹,,,,,,,,,,,3.00
217,寺原　早人,,,,,,,,,,1.44,
218,岡本　直也,,,,,,,,,5.0,,
220,菊地　正法,,,,,,,,,,,1.33
222,小松　剛,,,,,,,,,,1.94,1.57
223,工藤　公康,,,,,,,,,,2.50,1.79
226,香月　良仁,,,,1.88,1.28,0.33,1.55,1.92,,2.61,
229,リズ,,,,2.23,,,,,,,
231,フォッサム,,,,,,,,,,1.57,
232,横山　龍之介,,,,,,,,,,4.00,
233,横山　道哉,,,,,,,,,,,1.53
236,レスター,,,,,,,,,,1.62,1.32
237,杉原　洋,,,,,,,,,,3.00,
238,進藤　拓也,,,1.87,,,,,,,,
239,呉　昇桓,,,,,1.15,0.81,,,,,
241,一場　靖弘,,,,,,,,,1.5,,1.70
242,深田　拓也,,,,,,,,,,,1.25
243,佐々木　千隼,,,1.44,,,,,,,,
245,西村　憲,,,,,,,4.00,,0.8,1.19,1.25
247,橋本　健太郎,,,,,,,,1.40,,1.41,2.00
250,トーマス,,,,,,,2.13,,,,
252,高崎　健太郎,,,5.00,,1.63,1.37,1.61,1.29,1.23,1.80,1.31
253,井上　公志,,,,,,,1.83,,,,
254,レイノルズ,,,,,,1.64,,,,,
258,ネルソン,,,,,,,,1.85,1.05,1.49,1.27
259,ファルケンボーグ,,,,,,1.04,0.83,0.96,0.85,0.76,0.93
261,朝井　秀樹,,,,,,,,,,,1.88
262,古川　祐樹,,,,,,,,,,,1.75
264,岡本　篤志,,,,2.25,1.31,1.68,2.06,1.46,1.23,1.47,
265,山本　一徳,,,,,,,,,1.21,1.60,1.29
266,ルブラン,,,,,1.37,,,,,,
267,青木　勇人,,,,,,,,,,1.31,1.23
268,林　イー豪,,,,,,,,,,2.40,
270,高橋　朋己,,,,,1.22,1.13,1.13,,,,
271,山内　壮馬,,,,0.0,,3.25,1.83,1.08,1.06,1.20,2.25
272,篠原　貴行,,,,,,,,1.68,1.11,2.40,
273,森内　壽春,,,,,1.00,1.38,2.11,1.20,,,
274,ベイリス,,,,,,,,,,,1.86
275,ロマン,,,,,1.28,1.13,1.49,1.33,,,
276,パヤノ,,,,,,1.23,,,,,1.12
277,ロメロ,,,,,,,,,1.32,0.91,
278,押本　健彦,,,,,,2.00,1.58,1.42,1.24,1.16,1.08
279,宮田　和希,,,,,1.79,1.50,,1.13,,2.14,7.00
282,平井　正史,,,,,,1.00,1.62,2.57,1.45,1.14,1.32
283,阿南　徹,,,,,,2.00,1.00,,1.0,2.18,
284,松下　建太,,,,,,,1.26,,,,
285,フィガロ,,,,,,,,1.25,1.31,,
286,木佐貫　洋,,,,,0.00,1.38,1.32,1.18,1.49,1.41,1.50
287,リーチ,,,,,,,,,1.73,,
288,鶴　直人,,,,2.57,1.30,1.54,1.30,0.98,1.23,1.39,2.00
289,眞下　貴之,,,,,,,,,1.85,1.67,
292,三瀬　幸司,,,,,,0.00,0.98,1.00,1.27,,1.70
293,ナーブソン,,,,,,1.38,,,,,
294,ドイル,,,,,,,,1.82,,,
297,瀬川　隼郎,,,,1.0,1.50,,,,,,
298,ケッペル,,,,,,,1.66,2.33,1.35,1.32,
299,片山　博視,,,,,,6.00,1.51,1.67,1.21,1.14,
300,谷中　真二,,,,,,,,,,2.59,3.25
301,ブリガム,,,,1.6,,,,,,,
302,クレイマー,,,,,,,,2.76,,,
303,吉川　輝昭,,,,,,,2.03,1.39,0.83,1.08,2.36
305,金澤　健人,,,,,,,1.35,1.13,0.99,1.24,1.70
308,ポレダ,,,,1.63,1.22,,,,,,
310,東野　峻,,,,,2.00,,1.88,0.60,1.22,1.32,1.24
312,上野　大樹,,,,,1.50,1.26,1.46,1.15,1.21,1.53,1.55
314,杉山　直久,,,,,,,,,,1.58,1.80
315,金平　将至,,,,1.5,0.90,2.50,,,,,
316,荻野　忠寛,,,,,,,1.59,1.06,,,1.24
318,アコスタ,,,,,,,1.46,,,,
319,池ノ内　亮介,,,,,,2.00,,,,,
320,小林　正人,,,,,,6.00,1.37,,0.55,0.90,1.03
322,屋宜　照悟,,,6.00,,1.20,,3.00,,,,
323,小林　太志,,,,,,1.33,2.03,1.29,1.28,1.57,1.40
324,巽　真悟,,,,,1.77,2.14,1.42,2.21,,2.55,2.00
325,徳山　武陽,,,,2.08,1.39,1.41,,,,,
326,辻　孟彦,,,,,,,1.42,,,,
328,伊東　昂大,,,,,,,,,,1.50,
330,チェン,,,,,,,,,1.03,1.14,0.93
331,寺田　哲也,,,,4.5,2.00,,,,,,
335,野川　拓斗,,,,1.86,,,,,,,
336,野間口　貴彦,,,,,,,,1.00,1.1,1.60,1.72
337,吉田　凌,,,2.63,,,,,,,,
338,デラクルス,,,,,,,,,,1.45,
340,阿知羅　拓馬,,,1.31,1.12,,,,,,,
341,木村　優太,,,,1.88,1.79,1.81,,,,,
343,星野　智樹,,,,,,,2.47,2.70,1.48,1.65,1.36
344,笠原　将生,,,,,1.89,1.53,1.48,1.77,,,
346,小杉　陽太,,,,1.35,1.61,1.50,1.66,1.33,1.0,2.14,1.33
347,小林正,,,,,,,,1.02,,,
348,蕭　一傑,,,,,,,,,1.32,,
349,杉内　俊哉,,,,,1.29,1.16,1.12,0.98,1.0,1.25,1.09
352,江草　仁貴,,,,1.33,1.38,1.35,2.33,1.28,2.0,1.81,1.43
354,岩田　慎司,,,,0.0,1.56,1.31,1.40,1.04,1.54,1.06,
356,高木　晃次,,,,,,,,,,,1.82
357,中里　篤史,,,,,,,,,,2.33,1.62
358,大場　達也,,,,,,,2.05,,,,
360,梶本　達哉,,,,,,,,,3.75,,
363,小林　寛,,,2.33,3.0,1.60,,1.52,,1.55,,
365,モスコーソ,,,,1.34,1.47,1.22,,,,,
367,加藤　正志,,,,2.0,1.43,,,,,,
369,真田　裕貴,,,,,,1.59,,-,1.51,1.33,1.34
370,青木　高広,,,,,,1.15,0.83,,1.29,1.74,1.24
373,クライン,,,1.58,,,,,,,,
374,藤井　秀悟,,,,,,,1.47,1.43,1.4,1.16,1.47
375,鴨志田　貴司,,,,,,,4.00,0.86,1.11,1.13,2.75
377,糸数　敬作,,,,,,,,6.00,1.38,1.32,1.13
378,越智　大祐,,,,,,,,3.25,1.14,1.33,1.20
379,松崎　伸吾,,,,,,,,,0.94,2.08,2.25
380,運天　ジョン・クレイトン,,,,,,,,,2.0,,
381,赤間　謙,,,1.68,1.43,,,,,,,
382,田中　英祐,,,,,3.17,,,,,,
383,バリントン,,,,,1.14,1.34,1.13,1.20,1.11,,
384,カストロ,,,,,,,,1.67,,,
389,ブラゾバン,,,,,,,,,0.81,,
391,小宮山　悟,,,,,,,,,,,1.83
392,福倉　健太郎,,,1.56,,2.50,,,,,,
394,陳　冠宇,,,,,,3.00,,,,,
396,黄　志龍,,,,,,,,,,2.48,
398,江尻　慎太郎,,,,,,1.41,1.38,2.50,1.02,,1.44
399,多田野　数人,,,,,,1.69,1.14,1.21,1.19,1.50,1.39
400,佐藤　峻一,,,,3.27,,,,,,,
401,加藤　大輔,,,,,,,2.61,1.32,,1.11,1.41
403,アルバラデホ,,,,,,,,,1.21,,
406,長峰　昌司,,,,,,,,,,1.53,1.50
410,カーライル,,,,,,,,,,1.66,
412,中崎　翔太,,,,,1.21,1.37,1.62,1.10,,,
416,ウエスト,,,2.00,,,,,,,,
417,ガルセス,,,1.52,,,,,,,,
418,ヘルメン,,,1.45,,,,,,,,
419,宮﨑　敦次,,,1.75,0.0,,,,,,,
420,竹下　真吾,,,,3.0,,,,,,,
422,石橋　良太,,,,2.63,,,,,,,
423,齊藤　勝,,,,,,2.00,1.50,,,,
424,星野　大地,,,,,,1.00,1.61,,,,
425,尚成,,,,,,1.69,,,,,
426,土本　恭平,,,,,,,,,,1.09,
427,ジャマーノ,,,,,,,,,,,1.34
428,加賀美　希昇,,,,,,1.66,1.76,1.30,0.67,,
429,大久保　勝信,,,,,,,,,,1.86,1.32
431,山口　鉄也,,,1.65,1.25,1.20,1.44,0.96,0.72,0.99,1.08,0.86
432,建山　義紀,,,,,,1.36,,,,0.98,1.43
433,小林　雅英,,,,,,,,,3.21,1.71,
434,安藤　優也,,,3.00,0.96,1.21,1.46,1.38,1.27,4.2,1.77,1.41
435,土肥　義弘,,,,,,,,,,1.94,0.94
437,畠　世周,,,1.05,,,,,,,,
438,小島　心二郎,,,,,,,,,,2.00,
439,山本　省吾,,,,,,,3.00,1.49,1.57,1.52,1.40
440,小山　雄輝,,,2.82,1.54,1.60,1.21,1.40,0.92,1.62,,
441,吉野　誠,,,,,,,-,1.26,1.19,4.20,1.83
443,土屋　朋弘,,,,,,,1.42,0.92,1.42,0.00,
444,栂野　雅史,,,,,,,,,,4.00,1.05
445,古谷　拓哉,,,,1.96,1.47,1.52,1.08,2.25,1.79,1.40,2.25
446,西川　健太郎,,,,,1.77,,1.50,0.43,,,
447,角屋　龍太,,,,3.86,,,,,,,
448,アンソニー・カーター,,,,,,1.46,,,,,
449,ハウザー,,,,,,,1.63,,,,
455,梅津　智弘,,,,,,1.53,1.26,2.25,1.2,1.59,0.85
456,薮田　安彦,,,,,,,,1.41,0.9,1.23,
457,武内　久士,,,,,2.25,,1.25,,,1.89,
461,中崎　雄太,,,,,,,2.48,,,,
462,牧野　塁,,,,,,,,,,,1.08
464,山村　宏樹,,,,,,,,,1.23,1.38,1.00
465,萩原　淳,,,,,,,,,,,1.63
469,有銘　兼久,,,,,,,,-,1.28,1.25,1.37
470,大原　慎司,,,,1.66,1.15,1.39,1.02,1.31,1.24,,
471,ダックワース,,,,,,,1.46,1.10,,,
472,秦　裕二,,,,,,,,,,1.97,
474,佐藤　達也,,,1.62,1.62,1.24,0.93,1.12,1.24,,,
476,バーネット,,,,,0.89,1.18,1.36,1.01,1.19,1.76,
478,二神　一人,,,,,1.14,1.95,,1.30,,,
479,帆足　和幸,,,,,1.31,1.43,1.40,3.00,1.22,1.27,1.32
483,高橋　秀聡,,,,,,,,1.91,2.1,1.60,1.36
484,ランドルフ,,,,,,,,,,1.42,1.22
488,山本昌,,,,,2.25,1.36,1.53,1.05,,1.41,2.11
489,菊地原　毅,,,,,,,1.58,1.43,0.82,2.56,1.39
490,ペレス,,,,1.92,,,,,,,
491,木谷　寿巳,,,,,,,,,,1.15,1.40
492,広池　浩司,,,,,,,,,,3.00,
493,雄太,,,,0.0,1.20,1.28,0.93,1.29,,,
494,三井　浩二,,,,,,,,,,,1.15
495,筒井　和也,,,,3.0,2.20,1.32,0.99,1.28,1.19,1.66,1.26
496,金森　敬之,,,,6.0,1.69,,,,,1.81,1.17
499,高市　俊,,,,,,,,,3.43,1.29,1.93
500,鈴木　翔太,,,1.57,,2.25,1.00,,,,,
501,メンデス,,,1.55,,,,,,,,
502,小松　聖,,,,2.7,0.84,1.91,1.37,1.43,15.0,1.61,1.76
504,土肥　寛昌,,,1.40,2.25,,,,,,,
505,野村　亮介,,,,,4.13,,,,,,
506,日高　亮,,,,,,,3.00,1.21,1.92,,
507,水野　滉也,,,1.50,,,,,,,,
508,西川　雅人,,,,,,,,3.75,3.0,1.17,1.57
509,福原　忍,,,,1.69,1.36,1.28,1.13,1.18,1.17,1.44,1.40
510,マイコラス,,,0.98,1.17,0.90,,,,,,
511,有馬　翔,,,,,,,3.33,,,,
512,小林　宏之,,,,,,,,,,,1.32
515,李　恵踐,,,,,,,,,,1.02,1.51
516,高橋　聡文,,,,,1.13,1.26,1.36,1.55,0.0,1.11,1.05
517,山室　公志郎,,,,,,,,,,1.50,
518,川崎　貴弘,,,,,,,3.00,,,,
520,濱田　達郎,,,,3.25,1.66,1.42,,,,,
521,山崎　福也,,,,,1.44,,,,,,
522,ウォーランド,,,,,,,,,,,1.61
523,前田　祐二,,,,,2.04,,1.14,1.45,,1.88,
524,ゴンザレス,,,,,,,2.25,,,1.45,0.98
525,ソコロビッチ,,,,,,,0.88,,,,
526,オセゲラ,,,,,,2.00,1.22,,,,
528,岸本　秀樹,,,,,,,,1.71,1.26,1.77,
533,橋本　義隆,,,,,,,,1.61,1.61,1.89,0.90
534,ダービン,,,,,,,,,,1.63,
535,石川　俊介,,,,,,,,,,1.71,1.60
540,相原　勝幸,,,,,,,,,,0.86,
546,ソト,,,,,,1.00,2.41,1.06,1.08,,
550,マエストリ,,,,,1.42,1.21,1.45,1.15,,,
551,グリン,,,,,,,,,,,1.44
552,水田　章雄,,,,,,,,,,2.08,1.44
555,若松　駿太,,,1.68,1.42,1.15,1.53,,,,,
556,レルー,,,,,,,,,1.4,,
558,松家　卓弘,,,,,,,,,,2.21,0.89
559,萬谷　康平,,,,,1.33,1.23,,,,,
563,中島　彰吾,,,2.57,,,,,,,,
564,高木　伴,,,,,2.79,,,,,,
565,新垣　渚,,,,1.62,1.50,2.38,1.76,1.32,,,2.12
566,ダース　ローマシュ匡,,,,,,,,,,3.43,
567,エレラ,,,,,1.14,,,,,,
568,大田　阿斗里,,,,2.0,,2.00,1.24,,,,
569,國場　翼,,,,1.67,,,,,,,
570,榊原　諒,,,,,1.60,1.40,1.50,1.45,0.92,0.99,1.69
572,綾部　翔,,,1.20,,,,,,,,
573,サターホワイト,,,,1.29,,,,,,,
575,横山　貴明,,,,2.18,2.30,1.04,,,,,
576,加藤　拓也,,,1.74,,,,,,,,
577,Ｃ．Ｃ．リー,,,,1.8,,,,,,,
578,島袋　洋奨,,,,,1.50,,,,,,
579,加藤　康介,,,,,2.57,1.73,0.97,0.80,1.88,1.92,1.33
580,高橋　光成,,,,,1.25,,,,,,
583,小嶋　達也,,,,,1.56,2.47,1.75,1.88,1.28,2.19,0.83
584,戸根　千明,,,2.13,1.5,1.08,,,,,,
585,竹安　大知,,,0.00,,,,,,,,
586,キャンデラリオ,,,3.67,,,,,,,,
587,林　昌勇,,,,,,,,1.14,0.99,0.86,1.04
588,小笠原　孝,,,,,,,,1.50,0.0,1.64,1.17
589,ソリアーノ,,,,,,,,,1.01,1.37,
590,吉見　祐治,,,,,,,1.61,1.37,1.63,,1.37
591,オーレンドルフ,,,1.61,,,,,,,,
592,横山　雄哉,,,1.60,1.24,1.95,,,,,,
596,河野　秀数,,,,,,1.82,1.36,,,,
597,上園　啓史,,,,,,1.52,1.54,1.93,,1.43,1.94
600,塹江　敦哉,,,,1.58,,,,,,,
601,浜田　智博,,,,,7.50,,,,,,
602,久本　祐一,,,,6.0,,1.00,1.42,1.63,1.0,1.67,
603,マシス,,,,,,,,1.86,,,
605,古川　秀一,,,,,0.92,,1.13,2.21,1.19,1.34,
606,ミンチェ,,,,,,,4.00,1.67,0.85,,
607,ロンドン,,,1.93,,,,,,,,
608,田中　将大,,,,,,,0.94,1.03,0.87,1.23,1.12
609,オビスポ,,,,,,,,,7.0,1.61,0.94
610,ライブリー,,,,,1.82,,,,,,
611,ハミルトン,,,,,,,,1.58,1.62,,
612,コラレス,,,3.67,,,,,,,,
613,武田　勝,,,,0.0,1.51,1.49,1.29,1.03,0.98,1.07,1.18
617,カーペンター,,,,,,1.67,,,,,
618,中山　慎也,,,,,1.70,1.11,2.05,1.27,1.26,1.34,2.04
619,下柳　剛,,,,,,,,1.65,1.46,1.43,1.42
620,豊田　清,,,,,,,,,1.06,1.95,1.23
621,長田　秀一郎,,,,2.75,1.40,1.41,,0.84,1.98,1.21,2.77
622,カルロス・ロサ,,,,,1.52,1.25,1.20,2.00,1.1,,
623,菊池　保則,,,1.64,2.03,1.34,1.13,1.83,1.40,3.9,1.09,
624,チルダース,,,,,,,,,,,2.31
625,福田　岳洋,,,,,,,2.00,1.68,,1.38,
626,江柄子　裕樹,,,1.67,2.42,,1.28,1.75,1.30,,,
628,黒田　博樹,,,,1.2,1.10,,,,,,
629,カブレラ,,,,,,1.51,1.24,,,,
630,モルケン,,,,,,,1.50,1.27,,,
631,髙木　伴,,,,1.17,,,,,,,
632,イ・デウン,,,,2.0,1.54,,,,,,
633,横山　竜士,,,,,,2.25,1.33,0.92,5.0,1.08,1.30
636,相澤　寿聡,,,,,,,,,4.0,3.60,
637,金剛　弘樹,,,,,,,,,,2.57,
639,上野　弘文,,,,,,3.50,1.86,,1.55,1.54,1.83
640,山崎　康晃,,,,,0.87,,,,,,
641,大谷　翔平,,,1.26,0.96,0.91,1.17,1.46,,,,
642,ウィリアムス,,,,,,1.53,1.13,1.25,,,1.41
643,正津　英志,,,,,,,,,,,4.80
644,チューク,,,,,,,,,,1.66,
647,中﨑　雄太,,,,1.0,,,,,,,
648,林　昌樹,,,,,,,,,0.0,1.83,1.53
649,井坂　亮平,,,,,,,,,1.44,1.75,1.63
652,ブラックリー,,,,,,2.00,,,,,
656,川越　英隆,,,,,,,,,0.97,1.77,1.58
657,高橋　徹,,,,,,,,,,2.14,
658,高堀　和也,,,,,,,1.66,0.70,,,
661,大家　友和,,,,,,,,,1.56,1.37,
663,木村　正太,,,,,,,,,,,1.19
664,河内　貴哉,,,,,6.00,1.30,1.21,1.15,,,
666,坂寄　晴一,,,,,4.50,,,,,,
669,小澤　怜史,,,3.00,,,,,,,,
670,香月　良太,,,,,1.12,1.27,1.53,1.43,1.09,1.31,1.24
673,植村　祐介,,,,,,,,1.25,,,3.67
675,相沢　晋,,,,,2.45,,,,,,
680,床田　寛樹,,,1.10,,,,,,,,
681,誠,,,2.33,2.35,,3.23,,,,,
683,玉置　隆,,,,,1.50,1.07,0.97,,,,
684,塚原　頌平,,,1.29,1.39,1.37,,,1.14,,,
685,川井　貴志,,,,1.89,1.50,1.54,1.27,1.33,1.4,1.64,1.41
686,佐藤　賢,,,,,,,,,0.86,4.50,0.75
687,増渕　竜義,,,,,,,2.06,1.55,1.38,1.36,2.80
688,七條　祐樹,,,,,,1.39,1.23,1.40,1.47,,
689,花田　真人,,,,,,,,,,,1.29
690,マドリガル,,,,,,,1.33,,,,
691,金刃　憲人,,,2.40,1.08,2.00,1.94,1.06,,1.24,1.53,1.00
692,ドーマン,,,,,,,,,,,2.52
693,相原　和友,,,,9.0,1.33,1.76,,,,,
695,金村　曉,,,,,,,,,,4.50,1.29
696,バスケス,,,,1.41,1.76,,,,,,
697,西崎　聡,,,,,,,,,,,1.00
698,清水　章夫,,,,,,,,,,,1.67
699,ジェン,,,,,,,,,,2.00,1.44
700,白仁田　寛和,,,,2.5,1.44,,1.50,1.13,0.75,,
703,小野　晋吾,,,,,,,,1.12,1.42,1.42,1.35
704,久古　健太郎,,,4.80,1.18,1.30,1.54,1.06,1.50,1.35,,
705,田面　巧二郎,,,,1.85,,,,,,,
706,ジオ,,,,,,,,1.64,1.17,1.23,
707,木塚　敦志,,,,,,,,,,2.73,1.33
708,スウィーニー,,,,,,,,,,,1.66
709,清水　直行,,,,,,,,,1.65,1.56,1.51
711,渡辺　亮,,,,,2.25,1.64,1.47,1.55,0.97,1.25,1.28
712,ブランドン,,,,,,,,1.37,1.16,,
714,ファイフ,,,2.14,,,,,,,,
715,山本　徹矢,,,,,,,,,1.88,,
716,ボイヤー,,,,,,,0.89,,,,
720,グライシンガー,,,,,,,1.26,1.00,1.47,1.50,1.24
721,ペトリック,,,,1.27,,,,,,,
726,高井　雄平,,,,,,,,,,,1.00
727,鎌田　祐哉,,,,,,,,,,,1.00
728,佐藤　誠,,,,,,,,,,,1.84
729,伊原　正樹,,,,,,,,,1.88,1.96,1.42
730,中村　勝,,,1.80,1.33,1.49,1.41,1.61,1.15,1.27,1.56,
731,マクレーン,,,,,,,,1.45,1.47,,
734,土田　瑞起,,,,1.8,1.58,1.80,,,,,
735,フィリップス,,,,,,1.00,,,,,
736,川崎　雄介,,,,,,,,,1.71,2.03,1.56
737,木村　文和,,,,,,,,,,,1.98
739,根本　朋久,,,,,,,1.38,0.97,2.0,1.16,1.85
743,藪　恵壹,,,,,,,,,,1.36,
746,平野　佳寿,,,1.27,0.98,1.39,1.08,1.13,0.88,0.78,1.18,1.46
747,ザガースキー,,,,1.71,1.33,,,,,,
748,小林宏,,,,,,2.12,,,1.59,1.07,
750,熊原　健人,,,1.70,1.59,,,,,,,
752,光原　逸裕,,,,,,,,,2.29,2.00,1.32
753,山岸　穣,,,,,,,,,2.0,1.36,2.17
755,桟原　将司,,,,,,,,,,1.71,1.58
756,大場　翔太,,,,,,1.17,1.34,1.01,1.09,2.89,1.41
757,金村　大裕,,,,,,,,,,,2.00
759,森　跳二,,,,,,,,,,3.00,3.60
762,永井　怜,,,,,0.00,1.83,1.13,1.43,1.15,1.32,1.19
763,渡辺　俊介,,,,,,,1.70,1.33,1.35,1.46,1.32
765,グウィン,,,,,,,,,,,1.38
766,ロドリゲス,,,,,,,,,,,
767,八木　亮祐,,,,,1.70,1.54,1.50,1.40,,,
768,佐竹　健太,,,,,,,,2.50,1.29,1.38,1.59
769,小椋　真介,,,,,,,,,,1.62,-
770,クルーズ,,,,,1.41,1.74,,,,,
773,高宮　和也,,,,2.05,1.40,1.13,3.00,2.00,1.24,1.84,1.75
774,川岸　強,,,,,,,,,1.69,1.70,1.39
775,清原　大貴,,,,,,,2.25,,1.0,,
776,榎下　陽大,,,1.59,1.41,,6.00,0.81,,3.0,,
778,藤江　均,,,,,1.88,1.63,0.88,1.11,0.99,1.60,1.71
780,丸山　貴史,,,,,,,,,,,1.83
781,齊藤　悠葵,,,,,,,,1.45,,1.72,1.41
783,斎藤　隆,,,,,2.57,1.34,1.31,,,,
784,星野　真澄,,,,,,,,0.97,1.88,1.46,
785,レイ,,,,1.85,1.29,,1.19,,,,
786,マストニー,,,,,,,,,,,1.69
788,ワズディン,,,,,,,,,,,1.73
789,髙橋　純平,,,2.67,,,,,,,,
790,歳内　宏明,,,,1.44,1.22,1.38,0.75,1.20,,,
791,藤原　正典,,,,,,,1.32,2.18,1.24,1.35,
792,渡辺　恒樹,,,,,,,,3.50,1.16,1.39,
794,山本　雅士,,,,,2.08,,,,,,
796,坂元　弥太郎,,,,,,,1.50,,1.5,,1.74
797,岡本　慎也,,,,,,,,,,,1.41
798,福　敬登,,,1.76,1.38,,,,,,,
799,メンドーサ,,,,,,1.33,,,,,
800,井川　慶,,,,,,1.48,1.29,1.53,,,
801,西口　文也,,,,,1.75,1.64,2.53,1.30,1.04,1.60,1.59
804,那須野　巧,,,,,,,,,,,2.00
805,乾　真大,,,2.06,1.29,1.44,4.00,1.73,1.35,1.88,,
806,オンドルセク,,,,1.16,1.05,,,,,,
807,平井　諒,,,3.38,1.16,,,1.42,1.37,,,
811,大塚　尚仁,,,,1.8,2.25,,,,,,
812,ブレイシア,,,1.33,,,,,,,,
813,シュルツ,,,,,,,0.00,,1.94,1.16,1.05
814,岩隈　久志,,,,,,,,,1.05,1.09,1.31
815,菊地　和正,,,,,,3.00,1.75,1.18,,1.29,1.14
817,ラルー,,,,,,,2.18,,,,
818,ボウデン,,,,,,1.55,,,,,
819,セプティモ,,,,1.74,,,,,,,
820,小林　敦,,,,,,,,,1.46,,
821,岩橋　慶侍,,,1.30,1.68,3.00,1.79,,,,,
824,宮川　将,,,,,,1.45,1.54,,,,
825,ミッシュ,,,,2.63,,,,,,,
826,齊藤　信介,,,,,,,,,,,1.58
828,ベイル,,,,,,,,,,1.65,
830,金子　丈,,,,3.0,1.32,,,,,,
831,岡本　秀寛,,,,,,,,,,,1.00
833,林　昌範,,,,,1.71,1.48,1.08,1.15,3.25,0.95,1.30
834,スパイアー,,,,,,,,,1.23,,
835,クルーン,,,,,,,,,,1.26,1.10
836,川上　憲伸,,,,,,1.56,1.39,1.22,,,
840,アッチソン,,,,,,,,,,,0.89
842,福田　聡志,,,,,,2.07,1.94,0.94,1.58,1.20,1.32
843,コーディエ,,,,2.11,,,,,,,
844,ミゲル・メヒア,,,,,3.55,,,,,,
845,陽　耀勲,,,,,,,,0.98,,1.56,1.86
846,ビロウ,,,,,5.25,,,,,,
847,川原　弘之,,,,,,,1.00,0.33,,,
848,福盛　和男,,,,,,,,,,7.00,1.21
850,バルデス,,,1.27,1.28,1.25,,,,,1.52,
851,清水　昭信,,,,,,,1.50,,,1.31,1.93
852,許　銘傑,,,,,,,,,,1.48,1.56
853,スタルツ,,,,,,,,,,1.57,
854,ボーグルソン,,,,,,,,,,,1.32
855,加藤　武治,,,,,,,,,,1.25,1.82
856,鈴木　優,,,,6.0,6.00,,,,,,
859,仁藤　拓馬,,,,,,,,,,,3.00
861,ホールトン,,,,,,,1.13,1.01,0.97,1.54,1.05
863,安部　建輝,,,,,1.29,1.93,3.00,,,,
865,ミルズ,,,,,,,3.00,,,,
866,小野　淳平,,,,1.36,,1.50,1.47,1.18,1.56,,
869,正田　樹,,,,,,,1.09,1.42,,,
871,阿部　健太,,,,,,2.30,1.20,1.20,,,1.58
872,松本　幸大,,,,,,,2.75,2.57,,2.23,4.88
873,岡島　秀樹,,,,,1.91,1.08,,0.84,,,
874,藤原　良平,,,1.46,1.08,1.59,1.61,2.00,4.71,1.3,,
878,秋親,,,,,,,,,,1.63,
880,バース,,,,1.44,,,,,,,
881,弦本　悠希,,,,,,,,,2.25,,
885,大塚　豊,,,,,1.33,1.60,1.55,,2.45,,
886,アラウホ,,,1.44,,,,,,,,
887,藤田　太陽,,,,,,,1.02,2.73,1.43,1.09,
888,木下　達生,,,,,,,,,2.0,,
889,戸田　亮,,,,,,,2.06,,,,
890,ファンミル,,,,,,1.62,,,,,
892,川井　雄太,,,,,,,,,1.19,1.40,1.32
893,松永　浩典,,,,,,,,1.25,0.95,2.18,1.55
894,神内　靖,,,,,,,1.90,1.05,2.4,1.44,1.38
895,シュリッター,,,1.37,,,,,,,,
897,安樂　智大,,,1.51,1.2,1.17,,,,,,
898,篠田　純平,,,,,,1.45,2.60,1.81,1.3,1.50,0.93
899,フェルナンデス,,,,,,,,1.89,,,
901,桜井　俊貴,,,1.59,2.31,,,,,,,
902,福地　元春,,,,2.55,1.79,,,,,,
904,久保　康友,,,1.62,1.35,1.28,1.32,1.21,1.15,1.31,1.13,1.26
905,オスカル,,,0.60,1.72,,,,,,,
