,登録名,チーム2018,勝利2018,勝利2017,勝利2016,勝利2015,勝利2014,勝利2013,勝利2012,勝利2011,勝利2010,勝利2009
493,大瀬良　大地,広島,15.0,10.0,3.0,3.0,10.0,,,,,
332,ボルシンガー,ロッテ,13.0,,,,,,,,,
58,多和田　真三郎,西武,13.0,5.0,7.0,,,,,,,
622,ガルシア,中日,12.0,,,,,,,,,
453,千賀　滉大,ソフトバンク,11.0,13.0,12.0,2.0,1.0,1.0,0.0,,,
644,菅野　智之,巨人,11.0,17.0,9.0,10.0,12.0,13.0,,,,
234,メッセンジャー,阪神,11.0,11.0,12.0,9.0,13.0,12.0,10.0,12.0,5.0,
601,石川　柊太,ソフトバンク,11.0,8.0,,,,,,,,
503,上沢　直之,日本ハム,10.0,4.0,,5.0,8.0,,,,,
317,菊池　雄星,西武,10.0,16.0,12.0,9.0,5.0,9.0,4.0,4.0,,
802,ジョンソン,広島,10.0,6.0,15.0,14.0,,,,,,
849,アルバース,オリックス,9.0,,,,,,,,,
182,マルティネス,日本ハム,9.0,,,,,,,,,
624,バンデンハーク,ソフトバンク,9.0,13.0,7.0,9.0,,,,,,
178,榎田　大樹,西武,9.0,0.0,1.0,0.0,2.0,4.0,3.0,3.0,,
89,ブキャナン,ヤクルト,9.0,6.0,,,,,,,,
148,岸　孝之,楽天,9.0,8.0,9.0,5.0,13.0,11.0,11.0,8.0,10.0,13.0
610,石川　歩,ロッテ,9.0,3.0,14.0,12.0,10.0,,,,,
477,東　克樹,DeNA,9.0,,,,,,,,,
472,西　勇輝,オリックス,8.0,5.0,10.0,10.0,12.0,9.0,8.0,10.0,0.0,0.0
603,有原　航平,日本ハム,8.0,10.0,11.0,8.0,,,,,,
500,山口　俊,巨人,8.0,1.0,11.0,3.0,8.0,5.0,1.0,2.0,2.0,5.0
789,岡田　明丈,広島,7.0,12.0,4.0,,,,,,,
733,小野　泰己,阪神,7.0,2.0,,,,,,,,
800,カスティーヨ,西武,7.0,,,,,,,,,
565,九里　亜蓮,広島,7.0,9.0,2.0,0.0,2.0,,,,,
478,中尾　輝,ヤクルト,7.0,0.0,,,,,,,,
516,田嶋　大樹,オリックス,6.0,,,,,,,,,
387,則本　昂大,楽天,6.0,15.0,11.0,10.0,14.0,15.0,,,,
700,カラシティー,ヤクルト,6.0,,,,,,,,,
522,野村　祐輔,広島,6.0,9.0,16.0,5.0,7.0,12.0,9.0,,,
123,三嶋　一輝,DeNA,6.0,0.0,1.0,5.0,1.0,6.0,,,,
23,吉川　光夫,巨人,6.0,1.0,7.0,11.0,3.0,7.0,14.0,0.0,0.0,0.0
295,石川　雅規,ヤクルト,6.0,4.0,8.0,13.0,10.0,6.0,8.0,10.0,13.0,13.0
887,小川　泰弘,ヤクルト,6.0,8.0,8.0,11.0,9.0,16.0,,,,
895,有吉　優樹,ロッテ,6.0,2.0,,,,,,,,
276,高梨　裕稔,日本ハム,5.0,7.0,10.0,0.0,,,,,,
50,村田　透,日本ハム,5.0,1.0,,,,,,,,
144,山岡　泰輔,オリックス,5.0,8.0,,,,,,,,
165,メルセデス,巨人,5.0,,,,,,,,,
784,小笠原　慎之介,中日,5.0,5.0,2.0,,,,,,,
616,近藤　一樹,ヤクルト,5.0,2.0,,1.0,0.0,0.0,0.0,3.0,5.0,9.0
129,アドゥワ　誠,広島,5.0,,,,,,,,,
376,中田　賢一,ソフトバンク,5.0,7.0,7.0,9.0,11.0,4.0,7.0,2.0,7.0,5.0
596,涌井　秀章,ロッテ,5.0,5.0,10.0,15.0,8.0,5.0,1.0,9.0,14.0,16.0
14,秋山　拓巳,阪神,5.0,12.0,1.0,0.0,0.0,0.0,1.0,0.0,4.0,
591,今村　信貴,巨人,5.0,0.0,3.0,,2.0,1.0,,,,
442,京山　将弥,DeNA,5.0,,,,,,,,,
66,内海　哲也,巨人,5.0,2.0,9.0,2.0,7.0,13.0,15.0,18.0,11.0,9.0
822,松坂　大輔,中日,5.0,,0.0,,,,,,,
465,十亀　剣,西武,5.0,8.0,4.0,11.0,4.0,8.0,6.0,,,
688,岩貞　祐太,阪神,5.0,5.0,10.0,1.0,1.0,,,,,
631,才木　浩人,阪神,4.0,0.0,,,,,,,,
282,加藤　貴之,日本ハム,4.0,6.0,7.0,,,,,,,
194,古川　侑利,楽天,4.0,0.0,0.0,,0.0,,,,,
540,金子　千尋,オリックス,4.0,12.0,7.0,7.0,16.0,15.0,4.0,10.0,17.0,11.0
660,宋　家豪,楽天,4.0,,,,,,,,,
755,原　樹理,ヤクルト,4.0,3.0,2.0,,,,,,,
209,モイネロ,ソフトバンク,4.0,4.0,,,,,,,,
155,吉見　一起,中日,4.0,3.0,6.0,3.0,0.0,1.0,13.0,18.0,12.0,16.0
681,トンキン,日本ハム,4.0,,,,,,,,,
383,野上　亮磨,巨人,4.0,11.0,3.0,7.0,8.0,11.0,8.0,0.0,2.0,3.0
807,ウィーランド,DeNA,4.0,10.0,,,,,,,,
145,鈴木　博志,中日,4.0,,,,,,,,,
489,桑原　謙太朗,阪神,4.0,4.0,,0.0,0.0,0.0,0.0,0.0,1.0,0.0
429,松井　裕樹,楽天,4.0,3.0,1.0,3.0,4.0,,,,,
530,辛島　航,楽天,4.0,8.0,3.0,5.0,8.0,3.0,8.0,,0.0,0.0
524,山本　由伸,オリックス,4.0,1.0,,,,,,,,
77,井納　翔一,DeNA,4.0,6.0,7.0,5.0,11.0,5.0,,,,
805,ディクソン,オリックス,4.0,8.0,9.0,9.0,9.0,8.0,,,,
855,ウルフ,西武,4.0,9.0,4.0,0.0,4.0,9.0,10.0,12.0,4.0,
808,宮西　尚生,日本ハム,4.0,4.0,3.0,3.0,1.0,3.0,2.0,1.0,2.0,7.0
52,藤川　球児,阪神,4.0,3.0,5.0,,,,2.0,3.0,3.0,5.0
214,近藤　大亮,オリックス,3.0,1.0,0.0,,,,,,,
80,中﨑　翔太,広島,3.0,4.0,3.0,,,,,,,
580,加治屋　蓮,ソフトバンク,3.0,0.0,0.0,,,,,,,
506,二木　康太,ロッテ,3.0,7.0,7.0,0.0,,,,,,
864,中村　祐太,広島,3.0,5.0,,,,,,,,
466,吉田　一将,オリックス,3.0,2.0,5.0,1.0,5.0,,,,,
444,藤平　尚真,楽天,3.0,3.0,,,,,,,,
428,東浜　巨,ソフトバンク,3.0,16.0,9.0,1.0,2.0,3.0,,,,
40,山井　大介,中日,3.0,2.0,1.0,4.0,13.0,5.0,4.0,3.0,7.0,0.0
318,今井　達也,西武,3.0,,,,,,,,,
7,澤田　圭佑,オリックス,3.0,0.0,,,,,,,,
873,パットン,DeNA,3.0,4.0,,,,,,,,
28,一岡　竜司,広島,3.0,6.0,1.0,2.0,2.0,0.0,0.0,,,
684,武田　翔太,ソフトバンク,3.0,6.0,14.0,13.0,3.0,4.0,8.0,,,
22,石山　泰稚,ヤクルト,3.0,3.0,1.0,5.0,3.0,3.0,,,,
769,小熊　凌祐,中日,3.0,0.0,5.0,1.0,0.0,1.0,0.0,1.0,,
410,今村　猛,広島,3.0,3.0,3.0,1.0,1.0,2.0,2.0,3.0,0.0,
726,青山　浩二,楽天,3.0,1.0,1.0,4.0,1.0,3.0,5.0,3.0,5.0,3.0
544,ヒース,西武,3.0,,,3.0,3.0,,,,,
212,笠原　祥太郎,中日,3.0,1.0,,,,,,,,
310,内　竜也,ロッテ,3.0,5.0,3.0,1.0,0.0,1.0,1.0,1.0,2.0,3.0
713,平井　克典,西武,3.0,2.0,,,,,,,,
695,ヤングマン,巨人,3.0,,,,,,,,,
694,今永　昇太,DeNA,3.0,11.0,8.0,,,,,,,
537,ジャクソン,広島,3.0,2.0,5.0,,,,,,,
82,石田　健大,DeNA,3.0,6.0,9.0,2.0,,,,,,
174,能見　篤史,阪神,3.0,6.0,8.0,11.0,9.0,11.0,10.0,12.0,8.0,13.0
398,西村　天裕,日本ハム,2.0,,,,,,,,,
479,藤嶋　健人,中日,2.0,,,,,,,,,
312,ハフ,ヤクルト,2.0,,,,,,,,,
461,藤浪　晋太郎,阪神,2.0,3.0,7.0,14.0,11.0,10.0,,,,
531,濵口　遥大,DeNA,2.0,10.0,,,,,,,,
443,バリオス,DeNA,2.0,,0.0,0.0,0.0,,,,,
371,ミランダ,ソフトバンク,2.0,,,,,,,,,
557,浦野　博司,日本ハム,2.0,3.0,,3.0,7.0,,,,,
583,又吉　克樹,中日,2.0,8.0,6.0,6.0,9.0,,,,,
582,南　昌輝,ロッテ,2.0,0.0,5.0,,0.0,3.0,1.0,,,
511,松永　昂大,ロッテ,2.0,1.0,3.0,0.0,4.0,4.0,,,,
575,堀　瑞輝,日本ハム,2.0,0.0,,,,,,,,
379,髙橋　遥人,阪神,2.0,,,,,,,,,
204,田中　靖洋,ロッテ,2.0,1.0,0.0,1.0,0.0,,0.0,,0.0,
609,谷岡　竜平,巨人,2.0,0.0,,,,,,,,
765,伊藤　翔,西武,2.0,,,,,,,,,
898,柳　裕也,中日,2.0,1.0,,,,,,,,
894,エスコバー,DeNA,2.0,,,,,,,,,
881,谷元　圭介,中日,2.0,,3.0,4.0,5.0,6.0,2.0,1.0,1.0,2.0
854,伊藤　準規,中日,2.0,0.0,1.0,0.0,0.0,,1.0,2.0,1.0,0.0
838,酒居　知史,ロッテ,2.0,5.0,,,,,,,,
827,ワグナー,西武,2.0,,,,,,,,,
825,攝津　正,ソフトバンク,2.0,0.0,2.0,10.0,10.0,15.0,17.0,14.0,4.0,5.0
812,田原　誠次,巨人,2.0,1.0,4.0,1.0,0.0,0.0,2.0,,,
130,薮田　和樹,広島,2.0,15.0,3.0,1.0,,,,,,
135,嘉弥真　新也,ソフトバンク,2.0,2.0,0.0,0.0,0.0,3.0,0.0,,,
141,風張　蓮,ヤクルト,2.0,0.0,0.0,0.0,,,,,,
153,田口　麗斗,巨人,2.0,13.0,10.0,3.0,,,,,,
766,塩見　貴洋,楽天,2.0,3.0,8.0,3.0,8.0,,6.0,9.0,,
138,公文　克彦,日本ハム,2.0,3.0,0.0,,,0.0,,,,
470,平良　拳太郎,DeNA,2.0,1.0,0.0,,,,,,,
289,益田　直也,ロッテ,2.0,0.0,3.0,3.0,7.0,2.0,2.0,,,
683,森　唯斗,ソフトバンク,2.0,2.0,4.0,5.0,4.0,,,,,
723,ハーマン,楽天,2.0,3.0,,,,,,,,
666,山﨑　康晃,DeNA,2.0,4.0,2.0,,,,,,,
655,美馬　学,楽天,2.0,11.0,9.0,3.0,2.0,6.0,8.0,2.0,,
247,フランスア,広島,2.0,,,,,,,,,
862,梅野　雄吾,ヤクルト,1.0,0.0,,,,,,,,
504,髙橋　光成,西武,1.0,3.0,4.0,,,,,,,
837,松葉　貴大,オリックス,1.0,3.0,7.0,3.0,8.0,4.0,,,,
858,飯塚　悟史,DeNA,1.0,1.0,,,,,,,,
626,松本　裕樹,ソフトバンク,1.0,2.0,0.0,,,,,,,
867,田中　健二朗,DeNA,1.0,1.0,5.0,2.0,1.0,0.0,0.0,0.0,1.0,
890,鍬原　拓也,巨人,1.0,,,,,,,,,
893,星　知弥,ヤクルト,1.0,4.0,,,,,,,,
597,小石　博孝,西武,1.0,0.0,0.0,0.0,0.0,0.0,1.0,,,
896,高梨　雄平,楽天,1.0,1.0,,,,,,,,
897,マーティン,西武,1.0,0.0,2.0,,,,,,,
835,岩嵜　翔,ソフトバンク,1.0,6.0,4.0,1.0,4.0,1.0,5.0,6.0,0.0,0.0
727,福山　博之,楽天,1.0,6.0,4.0,2.0,4.0,0.0,0.0,0.0,,
751,由規,ヤクルト,1.0,3.0,2.0,,,,,7.0,12.0,5.0
823,サファテ,ソフトバンク,1.0,2.0,0.0,5.0,7.0,9.0,2.0,1.0,,
521,高野　圭佑,ロッテ,1.0,0.0,1.0,,,,,,,
810,唐川　侑己,ロッテ,1.0,5.0,6.0,5.0,4.0,9.0,8.0,12.0,6.0,5.0
793,藤井　皓哉,広島,1.0,0.0,,,,,,,,
576,武隈　祥太,西武,1.0,5.0,5.0,6.0,0.0,1.0,1.0,0.0,1.0,0.0
693,ローチ,オリックス,1.0,,,,,,,,,
619,岡本　健,ソフトバンク,1.0,1.0,0.0,,,,,,,
702,井口　和朋,日本ハム,1.0,0.0,0.0,,,,,,,
535,岡本　洋介,阪神,1.0,6.0,0.0,1.0,2.0,4.0,0.0,,0.0,
780,久保　裕也,楽天,1.0,3.0,0.0,,4.0,,0.0,4.0,8.0,1.0
778,岩本　輝,オリックス,1.0,,,2.0,0.0,0.0,2.0,,,
536,澤村　拓一,巨人,1.0,,6.0,7.0,5.0,5.0,10.0,11.0,,
552,永川　勝浩,広島,1.0,,2.0,1.0,3.0,3.0,,1.0,1.0,3.0
724,山中　浩史,ヤクルト,1.0,2.0,6.0,6.0,,0.0,,,,
679,大竹　寛,巨人,1.0,4.0,6.0,3.0,9.0,10.0,11.0,1.0,1.0,10.0
905,岩崎　優,阪神,1.0,4.0,3.0,3.0,5.0,,,,,
185,岩瀬　仁紀,中日,1.0,3.0,0.0,,1.0,2.0,1.0,0.0,1.0,2.0
79,野田　昇吾,西武,1.0,1.0,0.0,,,,,,,
236,カミネロ,巨人,1.0,3.0,,,,,,,,
372,中川　皓太,巨人,1.0,0.0,0.0,,,,,,,
364,増井　浩俊,オリックス,1.0,6.0,10.0,0.0,5.0,4.0,5.0,0.0,3.0,
70,土肥　星也,ロッテ,1.0,0.0,,,,,,,,
356,高橋　昂也,広島,1.0,,,,,,,,,
78,石川　直也,日本ハム,1.0,0.0,0.0,,,,,,,
255,池田　隆英,楽天,1.0,,,,,,,,,
268,松岡　健一,ヤクルト,1.0,0.0,2.0,2.0,3.0,3.0,0.0,2.0,3.0,6.0
154,谷川　昌希,阪神,1.0,,,,,,,,,
186,青柳　晃洋,阪神,1.0,4.0,4.0,,,,,,,
333,黒木　優太,オリックス,1.0,6.0,,,,,,,,
323,山田　修義,オリックス,1.0,0.0,2.0,0.0,,0.0,0.0,,0.0,
291,佐藤　優,中日,1.0,2.0,1.0,,,,,,,
301,古野　正人,ヤクルト,1.0,,0.0,4.0,3.0,1.0,,,,
297,祖父江　大輔,中日,1.0,2.0,0.0,0.0,0.0,,,,,
296,高木　勇人,西武,1.0,1.0,5.0,9.0,,,,,,
41,玉井　大翔,日本ハム,1.0,1.0,,,,,,,,
54,上原　健太,日本ハム,1.0,1.0,0.0,,,,,,,
25,大石　達也,西武,1.0,2.0,1.0,0.0,,0.0,1.0,,,
430,秋吉　亮,ヤクルト,1.0,5.0,3.0,6.0,3.0,,,,,
458,大下　佑馬,ヤクルト,1.0,,,,,,,,,
191,ドリス,阪神,1.0,4.0,3.0,,,,,,,
11,大竹　耕太郎,ソフトバンク,1.0,,,,,,,,,
180,藤岡　好明,DeNA,1.0,1.0,,0.0,1.0,4.0,1.0,1.0,1.0,5.0
448,三上　朋也,DeNA,1.0,3.0,2.0,1.0,1.0,,,,,
18,池田　駿,巨人,1.0,0.0,,,,,,,,
403,杉浦　稔大,日本ハム,1.0,0.0,3.0,1.0,2.0,,,,,
292,齊藤　大将,西武,1.0,,,,,,,,,
408,スアレス,ソフトバンク,1.0,,2.0,,,,,,,
142,中塚　駿太,西武,0.0,0.0,,,,,,,,
159,金田　和之,オリックス,0.0,4.0,1.0,1.0,5.0,,,,,
758,高木　京介,巨人,0.0,,,1.0,0.0,3.0,2.0,,,
184,藤岡　貴裕,日本ハム,0.0,0.0,1.0,2.0,6.0,6.0,6.0,,,
767,上原　浩治,巨人,0.0,,,,,,,,,
109,白村　明弘,日本ハム,0.0,1.0,3.0,1.0,1.0,,,,,
768,濱矢　廣大,楽天,0.0,0.0,2.0,0.0,1.0,,,,,
118,西野　勇士,ロッテ,0.0,2.0,3.0,1.0,1.0,9.0,,,,
107,髙田　萌生,巨人,0.0,,,,,,,,,
119,松本　直晃,西武,0.0,,0.0,,,,,,,
167,森福　允彦,巨人,0.0,1.0,2.0,0.0,2.0,3.0,2.0,4.0,3.0,0.0
166,齋藤　綱記,オリックス,0.0,,0.0,,,,,,,
126,田村　丈,DeNA,0.0,,,,,,,,,
742,寺島　成輝,ヤクルト,0.0,0.0,,,,,,,,
131,田中　豊樹,日本ハム,0.0,0.0,0.0,,,,,,,
140,青山　大紀,オリックス,0.0,0.0,0.0,,,,,,,
150,笠原　大芽,ソフトバンク,0.0,0.0,,,,,,,,
745,山﨑　福也,オリックス,0.0,2.0,3.0,,,,,,,
746,中後　悠平,DeNA,0.0,,,,0.0,0.0,2.0,,,
781,小林　慶祐,オリックス,0.0,2.0,,,,,,,,
149,武藤　祐太,DeNA,0.0,,0.0,2.0,1.0,2.0,4.0,0.0,,
158,豊田　拓矢,西武,0.0,,0.0,0.0,2.0,,,,,
464,モレノ,阪神,0.0,,,,,,,,,
106,東明　大貴,オリックス,0.0,0.0,1.0,10.0,5.0,,,,,
101,望月　惇志,阪神,0.0,,0.0,,,,,,,
902,吉田　侑樹,日本ハム,0.0,2.0,,,,,,,,
899,岡田　俊哉,中日,0.0,0.0,3.0,0.0,3.0,7.0,,,,
13,マシソン,巨人,0.0,4.0,8.0,3.0,6.0,2.0,2.0,,,
20,平田　真吾,DeNA,0.0,0.0,0.0,0.0,0.0,,,,,
24,伊藤　和雄,阪神,0.0,0.0,0.0,,0.0,,0.0,,,
27,寺原　隼人,ソフトバンク,0.0,1.0,2.0,8.0,1.0,4.0,6.0,12.0,,2.0
888,佐藤　祥万,広島,0.0,0.0,0.0,,,0.0,0.0,0.0,0.0,
29,新垣　勇人,日本ハム,0.0,0.0,0.0,1.0,0.0,0.0,,,,
33,山田　大樹,ヤクルト,0.0,1.0,1.0,,0.0,3.0,8.0,7.0,4.0,
36,石崎　剛,阪神,0.0,1.0,0.0,0.0,,,,,,
868,森原　康平,楽天,0.0,2.0,,,,,,,,
39,中澤　雅人,ヤクルト,0.0,0.0,1.0,1.0,1.0,0.0,2.0,0.0,7.0,
46,篠原　慎平,巨人,0.0,1.0,,,,,,,,
47,戸田　隆矢,広島,0.0,0.0,4.0,3.0,4.0,0.0,0.0,,,
53,岸田　護,オリックス,0.0,0.0,0.0,4.0,4.0,3.0,4.0,5.0,6.0,10.0
852,鍵谷　陽平,日本ハム,0.0,2.0,5.0,5.0,1.0,2.0,,,,
56,戸村　健次,楽天,0.0,2.0,1.0,7.0,0.0,4.0,3.0,0.0,0.0,
839,Ｋ－鈴木,オリックス,0.0,,,,,,,,,
73,沼田　拓巳,ヤクルト,0.0,,,,,,,,,
834,ウルキデス,ヤクルト,0.0,,,,,,,,,
832,長井　良太,広島,0.0,,,,,,,,,
828,中村　恭平,広島,0.0,,1.0,0.0,,1.0,0.0,0.0,,
81,チェン・グァンユウ,ロッテ,0.0,3.0,1.0,5.0,,,,,,
84,砂田　毅樹,DeNA,0.0,1.0,2.0,3.0,,,,,,
818,椎野　新,ソフトバンク,0.0,,,,,,,,,
99,南川　忠亮,西武,0.0,0.0,0.0,,,,,,,
811,シェッパーズ,ロッテ,0.0,,,,,,,,,
95,須田　幸太,DeNA,0.0,0.0,5.0,3.0,0.0,6.0,0.0,2.0,,
206,田中　正義,ソフトバンク,0.0,,,,,,,,,
721,宮台　康平,日本ハム,0.0,,,,,,,,,
711,大谷　智久,ロッテ,0.0,3.0,1.0,3.0,2.0,2.0,4.0,3.0,1.0,
354,尾仲　祐哉,阪神,0.0,1.0,,,,,,,,
568,比嘉　幹貴,オリックス,0.0,0.0,1.0,0.0,7.0,4.0,1.0,0.0,2.0,
355,大野　雄大,中日,0.0,7.0,7.0,11.0,10.0,10.0,4.0,0.0,,
558,カンポス,広島,0.0,,,,,,,,,
556,山本　翔也,阪神,0.0,0.0,0.0,1.0,0.0,,,,,
555,笠谷　俊介,ソフトバンク,0.0,0.0,,,,,,,,
551,関谷　亮太,ロッテ,0.0,2.0,5.0,,,,,,,
545,種市　篤暉,ロッテ,0.0,,,,,,,,,
370,佐野　泰雄,西武,0.0,3.0,1.0,0.0,,,,,,
375,田村　伊知郎,西武,0.0,0.0,,,,,,,,
378,マテオ,阪神,0.0,7.0,1.0,,,,,,,
392,ジー,中日,0.0,,,,,,,,,
395,三ツ間　卓也,中日,0.0,2.0,,,,,,,,
401,海田　智行,オリックス,0.0,0.0,1.0,2.0,0.0,2.0,0.0,,,
529,近藤　弘樹,楽天,0.0,,,,,,,,,
528,増田　達至,西武,0.0,1.0,3.0,2.0,3.0,5.0,,,,
412,清水　達也,中日,0.0,,,,,,,,,
416,今野　龍太,楽天,0.0,,,0.0,0.0,,,,,
425,髙橋　朋己,西武,0.0,0.0,1.0,,,,,,,
432,村中　恭兵,ヤクルト,0.0,0.0,7.0,,2.0,5.0,10.0,4.0,11.0,1.0
434,木下　雄介,中日,0.0,,,,,,,,,
436,福井　優也,広島,0.0,1.0,5.0,9.0,4.0,0.0,2.0,8.0,,
496,国吉　佑樹,DeNA,0.0,0.0,0.0,3.0,2.0,2.0,4.0,,,
495,館山　昌平,ヤクルト,0.0,0.0,1.0,6.0,,0.0,12.0,11.0,12.0,16.0
494,島本　浩也,阪神,0.0,,1.0,0.0,,,,,,
491,大山　暁史,オリックス,0.0,1.0,0.0,,0.0,,,,,
5,大隣　憲司,ロッテ,0.0,0.0,1.0,5.0,3.0,3.0,12.0,3.0,4.0,8.0
484,加賀　繁,DeNA,0.0,2.0,0.0,0.0,2.0,1.0,0.0,4.0,3.0,
483,高橋　礼,ソフトバンク,0.0,,,,,,,,,
342,アダメス,巨人,0.0,,,,,,,,,
578,中田　廉,広島,0.0,2.0,1.0,1.0,9.0,0.0,1.0,0.0,1.0,
339,田川　賢吾,ヤクルト,0.0,,,,,,,,,
678,小川　龍也,西武,0.0,0.0,1.0,0.0,0.0,0.0,0.0,0.0,,
705,小野　郁,楽天,0.0,0.0,0.0,0.0,,,,,,
193,森　雄大,楽天,0.0,1.0,,0.0,2.0,,,,,
195,岩田　稔,阪神,0.0,3.0,0.0,8.0,9.0,2.0,8.0,9.0,,7.0
697,郭　俊麟,西武,0.0,,0.0,3.0,,,,,,
200,飯田　哲矢,広島,0.0,0.0,0.0,0.0,,,,,,
201,田島　慎二,中日,0.0,2.0,3.0,4.0,3.0,5.0,5.0,,,
462,松田　遼馬,ソフトバンク,0.0,1.0,1.0,3.0,0.0,1.0,,,,
215,本田　圭佑,西武,0.0,0.0,0.0,,,,,,,
685,福永　春吾,阪神,0.0,0.0,,,,,,,,
225,福谷　浩司,中日,0.0,1.0,1.0,3.0,2.0,0.0,,,,
237,成田　翔,ロッテ,0.0,0.0,,,,,,,,
680,斎藤　佑樹,日本ハム,0.0,1.0,0.0,1.0,2.0,0.0,5.0,6.0,,
240,守屋　功輝,阪神,0.0,0.0,0.0,,,,,,,
667,岩下　大輝,ロッテ,0.0,,,,,,,,,
581,菅原　秀,楽天,0.0,1.0,,,,,,,,
254,馬場　皐輔,阪神,0.0,,,,,,,,,
258,阿部　和成,ロッテ,0.0,0.0,0.0,1.0,,2.0,0.0,0.0,,
647,高橋　樹也,広島,0.0,0.0,,,,,,,,
259,相内　誠,西武,0.0,,,,,,,,,
628,五十嵐　亮太,ソフトバンク,0.0,6.0,0.0,3.0,1.0,3.0,,,,3.0
272,二保　旭,ソフトバンク,0.0,,,6.0,,0.0,,,,
281,渡邉　啓太,ロッテ,0.0,,,,,,,,,
294,西宮　悠介,楽天,0.0,1.0,3.0,1.0,3.0,,,,,
611,釜田　佳直,楽天,0.0,4.0,7.0,1.0,,1.0,7.0,,,
306,髙橋　聡文,阪神,0.0,6.0,3.0,,,,,,,
321,山本　哲哉,ヤクルト,0.0,0.0,,0.0,3.0,1.0,2.0,0.0,,
326,宮國　椋丞,巨人,0.0,1.0,4.0,3.0,1.0,6.0,6.0,,,
336,オルモス,ロッテ,0.0,,,,,,,,,
1,浅尾　拓也,中日,0.0,0.0,,1.0,1.0,2.0,1.0,7.0,12.0,7.0
0,井川　慶,,,,,,2.0,3.0,2.0,,,
2,西川　健太郎,,,,,1.0,,1.0,0.0,,,
3,ヘルメン,,,2.0,,,,,,,,
4,山本　斉,,,,,,,,,1.0,0.0,0.0
6,パディーヤ,,,,,,,3.0,,,,
8,香月　良仁,,,,0.0,1.0,0.0,1.0,1.0,,1.0,
9,鄭　凱文,,,,,,,0.0,0.0,1.0,,
10,眞下　貴之,,,,,,,,,1.0,0.0,
12,塹江　敦哉,,,,0.0,,,,,,,
15,綾部　翔,,,1.0,,,,,,,,
16,進藤　拓也,,,0.0,,,,,,,,
17,ユウキ,,,,,,,,,,0.0,5.0
19,渡邉　恒樹,,,,,,,,,,,0.0
21,川井　貴志,,,,0.0,0.0,1.0,3.0,2.0,1.0,3.0,0.0
26,キャンデラリオ,,,0.0,,,,,,,,
30,光原　逸裕,,,,,,,,,0.0,0.0,1.0
31,岩橋　慶侍,,,0.0,0.0,0.0,1.0,,,,,
32,ジェン,,,,,,,,,,0.0,1.0
34,武藤　好貴,,,,0.0,4.0,0.0,,0.0,,,
35,相原　和友,,,,0.0,0.0,0.0,,,,,
37,ミゲル・メヒア,,,,,0.0,,,,,,
38,横山　雄哉,,,1.0,2.0,0.0,,,,,,
42,馬原　孝浩,,,,,1.0,1.0,0.0,,1.0,5.0,4.0
43,植村　祐介,,,,,,,,1.0,,,0.0
44,アンソニー・カーター,,,,,,0.0,,,,,
45,ダース　ローマシュ匡,,,,,,,,,,0.0,
48,久保　康友,,,4.0,5.0,8.0,12.0,3.0,4.0,8.0,14.0,9.0
49,黒沢　翔太,,,0.0,0.0,0.0,0.0,,,,,
51,川崎　雄介,,,,,,,,,0.0,0.0,1.0
55,小野寺　力,,,,,,,,0.0,0.0,1.0,3.0
57,加藤　幹典,,,,,,,,,0.0,1.0,0.0
59,クルーズ,,,,,1.0,2.0,,,,,
60,若竹　竜士,,,,,,,,0.0,0.0,0.0,
61,小嶋　達也,,,,,0.0,0.0,1.0,0.0,1.0,0.0,0.0
62,朝井　秀樹,,,,,,,,,,,0.0
63,セプティモ,,,,0.0,,,,,,,
64,小島　心二郎,,,,,,,,,,0.0,
65,加藤　拓也,,,1.0,,,,,,,,
67,ジョーダン,,,6.0,6.0,,,,,,,
68,武田　久,,,0.0,0.0,,0.0,2.0,4.0,2.0,1.0,3.0
69,メンデス,,,0.0,,,,,,,,
71,片山　博視,,,,,,0.0,3.0,0.0,2.0,1.0,
72,フェルナンデス,,,,,,,,1.0,,,
74,中里　篤史,,,,,,,,,,0.0,0.0
75,山本　一徳,,,,,,,,,1.0,0.0,0.0
76,ルブラン,,,,,2.0,,,,,,
83,アコスタ,,,,,,,1.0,,,,
85,齊藤　悠葵,,,,,,,,2.0,,4.0,9.0
86,清水　直行,,,,,,,,,2.0,10.0,6.0
87,ケッペル,,,,,,,2.0,0.0,14.0,12.0,
88,相澤　寿聡,,,,,,,,,0.0,0.0,
90,ロンドン,,,0.0,,,,,,,,
91,王　溢正,,,,,,,,0.0,,,
92,中郷　大樹,,,,,,1.0,2.0,3.0,0.0,,0.0
93,横山　龍之介,,,,,,,,,,0.0,
94,コズロースキー,,,,,,,,,,,0.0
96,バース,,,,8.0,,,,,,,
97,ミンチェ,,,,,,,0.0,0.0,6.0,,
98,アルバラデホ,,,,,,,,,2.0,,
100,川崎　貴弘,,,,,,,0.0,,,,
102,シコースキー,,,,,,,,,0.0,2.0,8.0
103,ドイル,,,,,,,,1.0,,,
104,中村　勝,,,1.0,0.0,2.0,8.0,1.0,2.0,0.0,1.0,
105,小林　太志,,,,,,0.0,0.0,2.0,4.0,0.0,1.0
108,長谷川　潤,,,,0.0,,,,,,,
110,藤江　均,,,,,0.0,1.0,3.0,3.0,3.0,2.0,0.0
111,小林　雅英,,,,,,,,,0.0,0.0,
112,マドリガル,,,,,,,2.0,,,,
113,山口　鉄也,,,1.0,1.0,4.0,4.0,4.0,3.0,5.0,8.0,9.0
114,ルイス,,,,,,,,,,,11.0
115,渡辺　恒樹,,,,,,,,0.0,0.0,1.0,
116,木佐貫　洋,,,,,0.0,1.0,9.0,5.0,2.0,10.0,0.0
117,弦本　悠希,,,,,,,,,0.0,,
120,平井　諒,,,0.0,1.0,,,1.0,2.0,,,
121,松下　建太,,,,,,,0.0,,,,
122,中島　彰吾,,,0.0,,,,,,,,
124,杉内　俊哉,,,,,6.0,10.0,11.0,12.0,8.0,16.0,15.0
125,コーリー,,,,,,,,,,4.0,
127,黒田　博樹,,,,10.0,11.0,,,,,,
128,ロー,,,,,,,,,,,0.0
132,モルケン,,,,,,,0.0,2.0,,,
133,薮田　安彦,,,,,,,,1.0,1.0,2.0,
134,ネルソン,,,,,,,,0.0,10.0,4.0,1.0
136,三浦　大輔,,,,0.0,6.0,5.0,9.0,9.0,5.0,3.0,11.0
137,鶴　直人,,,,0.0,0.0,3.0,3.0,1.0,0.0,2.0,0.0
139,大塚　豊,,,,,0.0,1.0,0.0,,0.0,,
143,越智　大祐,,,,,,,,0.0,3.0,4.0,8.0
146,渡辺　俊介,,,,,,,0.0,4.0,7.0,8.0,3.0
147,三井　浩二,,,,,,,,,,,0.0
151,カーライル,,,,,,,,,,0.0,
152,吉田　凌,,,0.0,,,,,,,,
156,小林宏,,,,,,0.0,,,1.0,3.0,
157,許　銘傑,,,,,,,,,,6.0,1.0
160,榊原　諒,,,,,0.0,0.0,0.0,0.0,1.0,10.0,0.0
161,朴　贊浩,,,,,,,,,1.0,,
162,尚成,,,,,,0.0,,,,,
163,池ノ内　亮介,,,,,,0.0,,,,,
164,ソリアーノ,,,,,,,,,1.0,2.0,
168,クライン,,,2.0,,,,,,,,
169,横山　竜士,,,,,,1.0,1.0,2.0,0.0,3.0,3.0
170,トーマス,,,,,,,0.0,,,,
171,グライシンガー,,,,,,,5.0,12.0,1.0,0.0,13.0
172,木谷　良平,,,,0.0,0.0,4.0,3.0,,,,
173,丸山　泰資,,,0.0,,,,,,,,
175,高木　伴,,,,,0.0,,,,,,
176,川上　憲伸,,,,,,1.0,1.0,3.0,,,
177,ブラッドリー,,,,,,,2.0,,,,
179,マーフィー,,,,,,,,,2.0,12.0,
181,八木　亮祐,,,,,0.0,5.0,5.0,1.0,,,
183,木村　正太,,,,,,,,,,,0.0
187,川越　英隆,,,,,,,,,0.0,3.0,0.0
188,陳　冠宇,,,,,,0.0,,,,,
189,オビスポ,,,,,,,,,0.0,2.0,6.0
190,ハウザー,,,,,,,2.0,,,,
192,ジオ,,,,,,,,1.0,3.0,8.0,
196,鴨志田　貴司,,,,,,,1.0,0.0,0.0,0.0,0.0
197,ソト,,,,,,1.0,1.0,4.0,5.0,,
198,菊沢　竜佑,,,0.0,,,,,,,,
199,久本　祐一,,,,0.0,,0.0,3.0,0.0,1.0,0.0,
202,ミッシュ,,,,0.0,,,,,,,
203,吉野　誠,,,,,,,0.0,2.0,0.0,0.0,0.0
205,阿斗里,,,,,,,,0.0,0.0,0.0,0.0
207,オスカル,,,0.0,2.0,,,,,,,
208,ゴンザレス,,,,,,,0.0,,,5.0,15.0
210,乾　真大,,,0.0,0.0,0.0,0.0,0.0,1.0,0.0,,
211,山本　淳,,,,,,,0.0,0.0,,0.0,0.0
213,佐竹　健太,,,,,,,,0.0,0.0,0.0,1.0
216,大塚　尚仁,,,,0.0,0.0,,,,,,
217,フォッサム,,,,,,,,,,2.0,
218,星野　真澄,,,,,,,,1.0,0.0,0.0,
219,江柄子　裕樹,,,0.0,0.0,,0.0,1.0,0.0,,,
220,平野　将光,,,,,,0.0,,0.0,1.0,4.0,0.0
221,安藤　優也,,,0.0,0.0,5.0,6.0,4.0,3.0,0.0,2.0,8.0
222,ジャマーノ,,,,,,,,,,,5.0
223,杉原　洋,,,,,,,,,,0.0,
224,今井　啓介,,,0.0,,0.0,0.0,2.0,4.0,1.0,0.0,1.0
226,ブロードウェイ,,,,0.0,,,,,,,
227,浜田　智博,,,,,0.0,,,,,,
228,橋本　健太郎,,,,,,,,0.0,,0.0,0.0
229,井上　雄介,,,,,,,,0.0,,1.0,
230,山崎　正貴,,,,,,,,,,0.0,
231,金村　大裕,,,,,,,,,,,0.0
232,福地　元春,,,,0.0,0.0,,,,,,
233,大嶺　祐太,,,2.0,1.0,8.0,3.0,4.0,,0.0,3.0,5.0
235,小野　淳平,,,,0.0,,1.0,1.0,0.0,2.0,,
238,山内　壮馬,,,,0.0,,0.0,2.0,10.0,3.0,2.0,0.0
239,藤原　良平,,,0.0,2.0,0.0,2.0,0.0,0.0,0.0,,
241,河内　貴哉,,,,,0.0,0.0,1.0,1.0,,,
242,正田　樹,,,,,,,1.0,0.0,,,
243,ボウデン,,,,,,2.0,,,,,
244,伊東　昂大,,,,,,,,,,0.0,
245,伊藤　剛,,,,,,,,,,,0.0
246,坂元　弥太郎,,,,,,,0.0,,0.0,,0.0
248,山崎　福也,,,,,3.0,,,,,,
249,久米　勇紀,,,,,,,,,,0.0,1.0
250,サンチェス,,,,,,,,,0.0,,
251,鈴木　優,,,,0.0,0.0,,,,,,
252,加藤　大輔,,,,,,,0.0,1.0,,1.0,4.0
253,長峰　昌司,,,,,,,,,,0.0,1.0
256,和田　毅,,,4.0,15.0,,,,,16.0,17.0,4.0
257,畠　世周,,,6.0,,,,,,,,
260,中崎　翔太,,,,,0.0,2.0,2.0,0.0,,,
261,石井　弘寿,,,,,,,,,0.0,,
262,木下　達生,,,,,,,,,0.0,,
263,バリントン,,,,,5.0,9.0,11.0,7.0,13.0,,
264,寺原　早人,,,,,,,,,,4.0,
265,押本　健彦,,,,,,0.0,2.0,4.0,3.0,3.0,2.0
266,筒井　和也,,,,0.0,0.0,0.0,4.0,2.0,0.0,0.0,1.0
267,佐々木　千隼,,,4.0,,,,,,,,
269,ビロウ,,,,,0.0,,,,,,
270,ソーサ,,,,,,0.0,3.0,5.0,,,
271,渡辺　亮,,,,,0.0,0.0,1.0,0.0,5.0,2.0,1.0
273,バーネット,,,,,3.0,1.0,1.0,1.0,1.0,4.0,
274,多田野　数人,,,,,,0.0,0.0,6.0,0.0,0.0,5.0
275,山村　宏樹,,,,,,,,,1.0,0.0,0.0
277,デイビーズ,,,,4.0,,,,,,,
278,鈴木　義広,,,,,,0.0,0.0,0.0,2.0,1.0,0.0
279,菊地　和正,,,,,,0.0,0.0,3.0,,1.0,5.0
280,林　昌勇,,,,,,,,0.0,4.0,1.0,5.0
283,木村　雄太,,,,,,,,0.0,0.0,,
284,マイコラス,,,14.0,4.0,13.0,,,,,,
285,ブレイシア,,,2.0,,,,,,,,
286,阿南　徹,,,,,,0.0,1.0,,0.0,0.0,
287,久保田　智之,,,,,,,0.0,0.0,1.0,6.0,0.0
288,宮川　将,,,,,,3.0,2.0,,,,
290,笠原　将生,,,,,0.0,2.0,4.0,1.0,,,
293,前田　祐二,,,,,1.0,,3.0,3.0,,0.0,
298,古川　祐樹,,,,,,,,,,,0.0
299,小松　剛,,,,,,,,,,1.0,5.0
300,佐藤　賢,,,,,,,,,0.0,0.0,0.0
302,入野　貴大,,,0.0,0.0,1.0,,,,,,
303,高木　康成,,,,,,,0.0,3.0,1.0,1.0,1.0
304,蕭　一傑,,,,,,,,,0.0,,
305,篠原　貴行,,,,,,,,1.0,1.0,2.0,
307,大沼　幸二,,,,,,,,,0.0,2.0,4.0
308,須永　英輝,,,,,0.0,0.0,,,,0.0,0.0
309,ワズディン,,,,,,,,,,,2.0
311,チューク,,,,,,,,,,2.0,
313,林　昌樹,,,,,,,,,0.0,0.0,0.0
314,土屋　朋弘,,,,,,,0.0,1.0,0.0,0.0,
315,ダルビッシュ　有,,,,,,,,,18.0,12.0,15.0
316,石井　裕也,,,0.0,0.0,0.0,1.0,4.0,2.0,3.0,0.0,0.0
319,真田　裕貴,,,,,,0.0,,0.0,2.0,3.0,5.0
320,古川　秀一,,,,,0.0,,0.0,0.0,0.0,0.0,
322,レルー,,,,,,,,,0.0,,
324,ロマン,,,,,5.0,1.0,3.0,9.0,,,
325,大家　友和,,,,,,,,,0.0,7.0,
327,ファルケンボーグ,,,,,,3.0,0.0,0.0,1.0,3.0,6.0
328,菊地原　毅,,,,,,,1.0,0.0,0.0,0.0,0.0
329,ザラテ,,,,,,,0.0,,,,
330,ブーチェック,,,,,,,,,,1.0,
331,ペン,,,,,,,,1.0,2.0,1.0,
334,松家　卓弘,,,,,,,,,,0.0,0.0
335,菊池　保則,,,0.0,1.0,4.0,4.0,1.0,1.0,0.0,1.0,
337,長谷川　昌幸,,,,,,,,,,,3.0
338,武田　勝,,,,0.0,3.0,3.0,8.0,11.0,11.0,14.0,10.0
340,糸数　敬作,,,,,,,,0.0,2.0,2.0,4.0
341,イ・デウン,,,,0.0,9.0,,,,,,
343,高市　俊,,,,,,,,,0.0,0.0,0.0
344,中山　慎也,,,,,0.0,1.0,0.0,1.0,8.0,3.0,0.0
345,山室　公志郎,,,,,,,,,,0.0,
346,栂野　雅史,,,,,,,,,,0.0,0.0
347,ランドルフ,,,,,,,,,,2.0,5.0
348,有馬　翔,,,,,,,0.0,,,,
349,飯田　優也,,,0.0,1.0,0.0,2.0,,,,,
350,岡本　篤志,,,,0.0,1.0,1.0,0.0,1.0,5.0,2.0,
351,高橋　光成,,,,,5.0,,,,,,
352,清水　章夫,,,,,,,,,,,1.0
353,岡本　慎也,,,,,,,,,,,0.0
357,瀬川　隼郎,,,,0.0,0.0,,,,,,
358,加藤　正志,,,,0.0,0.0,,,,,,
359,坂寄　晴一,,,,,0.0,,,,,,
360,白仁田　寛和,,,,0.0,2.0,,1.0,0.0,0.0,,
361,ポーリーノ,,,,0.0,,,,,,,
362,チェン,,,,,,,,,8.0,13.0,8.0
363,谷中　真二,,,,,,,,,,0.0,0.0
365,ボーグルソン,,,,,,,,,,,1.0
366,戸田　亮,,,,,,,0.0,,,,
367,齊藤　信介,,,,,,,,,,,2.0
368,レデズマ,,,,,,,3.0,0.0,,,
369,松本　幸大,,,,,,,0.0,0.0,,0.0,0.0
373,横山　弘樹,,,,2.0,,,,,,,
374,岩尾　利弘,,,,0.0,1.0,1.0,1.0,,,0.0,
377,高宮　和也,,,,0.0,2.0,1.0,0.0,0.0,0.0,0.0,0.0
380,水田　章雄,,,,,,,,,,0.0,3.0
381,シュリッター,,,1.0,,,,,,,,
382,高橋　秀聡,,,,,,,,0.0,0.0,2.0,3.0
384,野川　拓斗,,,,0.0,,,,,,,
385,戸根　千明,,,1.0,1.0,1.0,,,,,,
386,荻野　忠寛,,,,,,,0.0,0.0,,,3.0
388,山本昌,,,,,0.0,1.0,5.0,3.0,,5.0,1.0
389,武内　久士,,,,,0.0,,0.0,,,0.0,
390,牧野　塁,,,,,,,,,,,0.0
391,モリーヨ,,,,,,,,,,0.0,
393,ファイフ,,,1.0,,,,,,,,
394,菊地　正法,,,,,,,,,,,0.0
396,広池　浩司,,,,,,,,,,0.0,
397,相原　勝幸,,,,,,,,,,0.0,
399,高橋　聡文,,,,,3.0,0.0,2.0,0.0,0.0,4.0,2.0
400,大久保　勝信,,,,,,,,,,0.0,2.0
402,三瀬　幸司,,,,,,0.0,1.0,0.0,1.0,,0.0
404,久古　健太郎,,,0.0,0.0,0.0,1.0,2.0,0.0,5.0,,
405,リズ,,,,0.0,,,,,,,
406,平井　正史,,,,,,0.0,0.0,0.0,1.0,2.0,0.0
407,加賀美　希昇,,,,,,0.0,1.0,3.0,1.0,,
409,西村　健太朗,,,0.0,0.0,0.0,4.0,4.0,3.0,7.0,4.0,2.0
411,オンドルセク,,,,3.0,5.0,,,,,,
413,河原　純一,,,,,,,,,1.0,0.0,3.0
414,河野　秀数,,,,,,1.0,0.0,,,,
415,牧田　和久,,,3.0,7.0,9.0,8.0,8.0,13.0,5.0,,
417,大原　慎司,,,,0.0,0.0,3.0,2.0,1.0,4.0,,
418,スタンリッジ,,,4.0,8.0,10.0,11.0,8.0,7.0,9.0,11.0,
419,矢地　健人,,,,,0.0,,0.0,0.0,0.0,0.0,
420,伊藤　拓郎,,,,,,,,0.0,,,
421,榎下　陽大,,,0.0,1.0,,0.0,1.0,,0.0,,
422,古谷　拓哉,,,,0.0,3.0,7.0,9.0,0.0,1.0,3.0,0.0
423,森本　将太,,,,,0.0,,2.0,,,,
424,根本　朋久,,,,,,,0.0,0.0,0.0,0.0,1.0
426,小野　晋吾,,,,,,,,2.0,4.0,5.0,8.0
427,雄太,,,,0.0,0.0,6.0,1.0,3.0,,,
431,森　跳二,,,,,,,,,,0.0,1.0
433,西口　文也,,,,,0.0,0.0,0.0,5.0,11.0,3.0,4.0
435,高井　雄平,,,,,,,,,,,0.0
437,土田　瑞起,,,,0.0,1.0,1.0,,,,,
438,小林　賢司,,,,,,,,,,,0.0
439,寺田　哲也,,,,0.0,0.0,,,,,,
440,大場　達也,,,,,,,0.0,,,,
441,Ｍ．中村,,,,,,,,,,,1.0
445,サターホワイト,,,,1.0,,,,,,,
446,鎌田　祐哉,,,,,,,,,,,0.0
447,バレット,,,,,,,,,,,0.0
449,橋本　義隆,,,,,,,,0.0,0.0,1.0,0.0
450,建山　義紀,,,,,,0.0,,,,1.0,5.0
451,岩見　優輝,,,,,,,0.0,,1.0,,
452,神内　靖,,,,,,,0.0,0.0,0.0,0.0,2.0
454,若松　駿太,,,1.0,7.0,10.0,0.0,,,,,
455,山岸　穣,,,,,,,,,0.0,0.0,0.0
456,高橋　建,,,,,,,,,,4.0,
457,佐藤　勇,,,,1.0,,,,,,,
459,小山　雄輝,,,0.0,0.0,0.0,6.0,0.0,2.0,0.0,,
460,フィリップス,,,,,,1.0,,,,,
463,グラマン,,,,,,,,,2.0,0.0,0.0
467,福田　聡志,,,,,,0.0,1.0,8.0,0.0,3.0,2.0
468,金伏　ウーゴ,,,,,0.0,,,,,,
469,カストロ,,,,,,,,0.0,,,
471,赤川　克紀,,,,,,0.0,0.0,8.0,6.0,0.0,0.0
473,江草　仁貴,,,,0.0,0.0,0.0,0.0,0.0,0.0,1.0,4.0
474,弥太郎,,,,,,,,,,1.0,
475,清原　大貴,,,,,,,0.0,,0.0,,
476,ブラゾバン,,,,,,,,,0.0,,
480,高木　啓充,,,,,,,,,,0.0,4.0
481,高橋　徹,,,,,,,,,,0.0,
482,植松　優友,,,,,0.0,,,,,,
485,岡島　秀樹,,,,,0.0,4.0,,0.0,,,
486,高橋　朋己,,,,,2.0,2.0,1.0,,,,
487,ミルズ,,,,,,,0.0,,,,
488,有銘　兼久,,,,,,,,0.0,1.0,0.0,0.0
490,柳瀬　明宏,,,0.0,0.0,1.0,1.0,4.0,,,,0.0
492,パヤノ,,,,,,0.0,,,,,2.0
497,ホールトン,,,,,,,9.0,12.0,19.0,8.0,11.0
498,小林　寛,,,0.0,0.0,0.0,,2.0,,0.0,,
499,高崎　健太郎,,,0.0,,2.0,2.0,2.0,7.0,5.0,1.0,4.0
501,コラレス,,,0.0,,,,,,,,
502,服部　泰卓,,,,,,0.0,2.0,,0.0,0.0,
505,仁藤　拓馬,,,,,,,,,,,0.0
507,マストニー,,,,,,,,,,,1.0
508,金森　敬之,,,,0.0,1.0,,,,,1.0,0.0
509,清水　昭信,,,,,,,0.0,,,1.0,0.0
510,工藤　公康,,,,,,,,,,0.0,2.0
512,ペニー,,,,,,,,0.0,,,
513,ロメロ,,,,,,,,,1.0,1.0,
514,メンドーサ,,,,,,7.0,,,,,
515,ザガースキー,,,,3.0,0.0,,,,,,
517,ネイラー,,,,1.0,4.0,,,,,,
518,エレラ,,,,,5.0,,,,,,
519,小宮山　悟,,,,,,,,,,,1.0
520,木田　優夫,,,,,,,,0.0,0.0,5.0,3.0
523,松井　光介,,,,,,,0.0,1.0,3.0,0.0,0.0
525,グウィン,,,,,,,,,,,3.0
526,トーレス,,,,,,,,,1.0,,
527,小林　敦,,,,,,,,,1.0,,
532,長田　秀一郎,,,,0.0,4.0,5.0,,2.0,0.0,5.0,0.0
533,藤井　秀悟,,,,,,,6.0,7.0,0.0,7.0,7.0
534,一場　靖弘,,,,,,,,,0.0,,1.0
538,熊原　健人,,,3.0,1.0,,,,,,,
539,木村　優太,,,,0.0,1.0,0.0,,,,,
541,誠,,,0.0,0.0,,0.0,,,,,
542,萬谷　康平,,,,,1.0,1.0,,,,,
543,陽　耀勲,,,,,,,,2.0,,2.0,0.0
546,山本　徹矢,,,,,,,,,0.0,,
547,ブランドン,,,,,,,,2.0,1.0,,
548,李　恵踐,,,,,,,,,,0.0,1.0
549,木塚　敦志,,,,,,,,,,0.0,3.0
550,松山　傑,,,,,,,,,,0.0,
553,竹下　真吾,,,,0.0,,,,,,,
554,ヒメネス,,,,,,,,5.0,1.0,,
559,鈴木　翔太,,,5.0,,0.0,0.0,,,,,
560,アラウホ,,,1.0,,,,,,,,
561,高堀　和也,,,,,,,1.0,3.0,,,
562,藤田　宗一,,,,,,,,,0.0,,1.0
563,横山　道哉,,,,,,,,,,,0.0
564,サンティアゴ,,,,,1.0,,,,,,
566,バンヘッケン,,,,0.0,,,,,,,
567,福　敬登,,,0.0,1.0,,,,,,,
569,高橋　尚成,,,,,0.0,,,,,,10.0
570,梅津　智弘,,,,,,0.0,0.0,0.0,3.0,0.0,2.0
571,藪　恵壹,,,,,,,,,,0.0,
572,塚原　頌平,,,0.0,4.0,0.0,,,1.0,,,
573,土屋　健二,,,,,,0.0,2.0,0.0,,0.0,
574,石川　俊介,,,,,,,,,,0.0,0.0
577,金澤　健人,,,,,,,2.0,1.0,1.0,1.0,0.0
579,小林正,,,,,,,,2.0,,,
584,金平　将至,,,,0.0,0.0,0.0,,,,,
585,大谷　翔平,,,3.0,10.0,15.0,11.0,3.0,,,,
586,井坂　亮平,,,,,,,,,3.0,2.0,2.0
587,山本　雅士,,,,,0.0,,,,,,
588,日高　亮,,,,,,,0.0,3.0,2.0,,
589,小松　聖,,,,0.0,0.0,0.0,0.0,3.0,0.0,5.0,1.0
590,山崎　康晃,,,,,2.0,,,,,,
592,宮田　和希,,,,,1.0,0.0,,0.0,,0.0,0.0
593,ギルメット,,,1.0,,,,,,,,
594,クルーン,,,,,,,,,,4.0,1.0
595,ルーキ,,,4.0,6.0,,,,,,,
598,水野　滉也,,,0.0,,,,,,,,
599,杉山　直久,,,,,,,,,,0.0,0.0
600,岩崎　哲也,,,,,,,,,0.0,0.0,2.0
602,星野　智樹,,,,,,,0.0,0.0,0.0,0.0,1.0
604,吉川　輝昭,,,,,,,2.0,0.0,0.0,0.0,0.0
605,呉　昇桓,,,,,2.0,2.0,,,,,
606,ダービン,,,,,,,,,,0.0,
607,斎藤　隆,,,,,0.0,1.0,3.0,,,,
608,福倉　健太郎,,,0.0,,0.0,,,,,,
612,伊原　正樹,,,,,,,,,0.0,0.0,0.0
613,藤原　紘通,,,,,,,,,0.0,1.0,5.0
614,ナーブソン,,,,,,4.0,,,,,
615,マシス,,,,,,,,1.0,,,
617,土肥　義弘,,,,,,,,,,0.0,0.0
618,石井　一久,,,,,,,0.0,10.0,6.0,9.0,9.0
620,レスター,,,,,,,,,,2.0,0.0
621,萩原　淳,,,,,,,,,,,1.0
623,小林　正人,,,,,,0.0,0.0,,5.0,0.0,3.0
625,モスコーソ,,,,5.0,3.0,9.0,,,,,
627,上野　大樹,,,,,1.0,2.0,3.0,0.0,4.0,0.0,1.0
629,福田　岳洋,,,,,,,0.0,0.0,,0.0,
630,ＭＩＣＨＥＡＬ,,,,,,,,0.0,1.0,1.0,
632,佐藤　誠,,,,,,,,,,,1.0
633,秦　裕二,,,,,,,,,,1.0,
634,福盛　和男,,,,,,,,,,0.0,7.0
635,マクレーン,,,,,,,,5.0,3.0,,
636,ファンミル,,,,,,0.0,,,,,
637,ボイヤー,,,,,,,3.0,,,,
638,Ｃ．Ｃ．リー,,,,0.0,,,,,,,
639,徳山　武陽,,,,0.0,2.0,1.0,,,,,
640,藤田　太陽,,,,,,,0.0,0.0,0.0,6.0,
641,スタルツ,,,,,,,,,,6.0,
642,岩田　慎司,,,,0.0,0.0,2.0,1.0,5.0,0.0,1.0,
643,ベイル,,,,,,,,,,0.0,
645,桜井　俊貴,,,0.0,0.0,,,,,,,
646,木谷　寿巳,,,,,,,,,,1.0,1.0
648,吉原　正平,,,,,,1.0,,,,,
649,オセゲラ,,,,,,0.0,3.0,,,,
650,田面　巧二郎,,,,0.0,,,,,,,
651,香月　良太,,,,,0.0,3.0,0.0,1.0,1.0,3.0,3.0
652,角屋　龍太,,,,0.0,,,,,,,
653,ウィリアムス,,,,,,6.0,1.0,4.0,,,1.0
654,グリン,,,,,,,,,,,3.0
656,金剛　弘樹,,,,,,,,,,0.0,
657,江村　将也,,,,,,0.0,3.0,,,,
658,梶本　達哉,,,,,,,,,0.0,,
659,ベイリス,,,,,,,,,,,0.0
661,阿知羅　拓馬,,,0.0,0.0,,,,,,,
662,森内　壽春,,,,,0.0,0.0,0.0,0.0,,,
663,松永　浩典,,,,,,,,2.0,1.0,0.0,1.0
664,デラバー,,,,0.0,,,,,,,
665,小山　伸一郎,,,,,0.0,1.0,1.0,1.0,8.0,5.0,1.0
668,東野　峻,,,,,0.0,,1.0,0.0,8.0,13.0,8.0
669,上野　弘文,,,,,,0.0,2.0,,2.0,1.0,0.0
670,深田　拓也,,,,,,,,,,,0.0
671,ラズナー,,,,,,,1.0,1.0,3.0,5.0,4.0
672,甲藤　啓介,,,,,,,,0.0,,2.0,0.0
673,朝倉　健太,,,,,0.0,4.0,0.0,0.0,0.0,3.0,10.0
674,宮﨑　敦次,,,0.0,0.0,,,,,,,
675,辻　孟彦,,,,,,,0.0,,,,
676,野間口　貴彦,,,,,,,,0.0,1.0,1.0,0.0
677,カブレラ,,,,,,5.0,6.0,,,,
682,高木　晃次,,,,,,,,,,,0.0
686,丸山　貴史,,,,,,,,,,,0.0
687,中﨑　雄太,,,,0.0,,,,,,,
689,牛田　成樹,,,,,,,,0.0,2.0,2.0,0.0
690,ライブリー,,,,,0.0,,,,,,
691,宮本　賢,,,,,,,,,,0.0,0.0
692,スウィーニー,,,,,,,,,,,5.0
696,高島　祥平,,,,,,,,,,0.0,
698,佐藤　達也,,,0.0,1.0,2.0,6.0,2.0,0.0,,,
699,スパイアー,,,,,,,,,1.0,,
701,青木　高広,,,,,,2.0,5.0,,2.0,1.0,2.0
703,二神　一人,,,,,0.0,0.0,,0.0,,,
704,吉見　祐治,,,,,,,0.0,1.0,1.0,,3.0
706,カーペンター,,,,,,1.0,,,,,
707,藤原　正典,,,,,,,0.0,0.0,0.0,1.0,
708,ソコロビッチ,,,,,,,0.0,,,,
709,秋親,,,,,,,,,,1.0,
710,吉川　昌宏,,,,,,,,,,0.0,0.0
712,竹安　大知,,,1.0,,,,,,,,
714,赤間　謙,,,1.0,0.0,,,,,,,
715,床田　寛樹,,,1.0,,,,,,,,
716,井上　公志,,,,,,,1.0,,,,
717,田中　英祐,,,,,0.0,,,,,,
718,篠田　純平,,,,,,3.0,0.0,1.0,5.0,6.0,2.0
719,桟原　将司,,,,,,,,,,0.0,0.0
720,阿部　健太,,,,,,0.0,1.0,0.0,,,0.0
722,川原　弘之,,,,,,,0.0,0.0,,,
725,巽　真悟,,,,,1.0,0.0,0.0,0.0,,0.0,0.0
728,ブリガム,,,,0.0,,,,,,,
729,江尻　慎太郎,,,,,,0.0,1.0,0.0,2.0,,2.0
730,松崎　伸吾,,,,,,,,,0.0,1.0,0.0
731,髙橋　純平,,,0.0,,,,,,,,
732,國場　翼,,,,0.0,,,,,,,
734,大場　翔太,,,,,,0.0,2.0,2.0,7.0,0.0,1.0
735,花田　真人,,,,,,,,,,,0.0
736,星野　大地,,,,,,0.0,0.0,,,,
737,田中　将大,,,,,,,24.0,10.0,19.0,11.0,15.0
738,セドン,,,,,,4.0,,,,,
739,福原　忍,,,,0.0,6.0,4.0,4.0,2.0,2.0,0.0,3.0
740,大田　阿斗里,,,,0.0,,0.0,2.0,,,,
741,加藤　武治,,,,,,,,,,0.0,0.0
743,歳内　宏明,,,,0.0,1.0,1.0,0.0,0.0,,,
744,川島　亮,,,,,,,,,0.0,1.0,5.0
747,佐藤　峻一,,,,0.0,,,,,,,
748,安樂　智大,,,1.0,3.0,1.0,,,,,,
749,岡本　直也,,,,,,,,,0.0,,
750,ガラテ,,,,,3.0,,,,,,
752,土肥　寛昌,,,0.0,0.0,,,,,,,
753,長谷部　康平,,,,0.0,0.0,0.0,1.0,,1.0,3.0,5.0
754,ヘーゲンズ,,,0.0,7.0,,,,,,,
756,マエストリ,,,,,0.0,3.0,7.0,4.0,,,
757,川岸　強,,,,,,,,,1.0,2.0,4.0
759,クレイマー,,,,,,,,0.0,,,
760,帆足　和幸,,,,,1.0,6.0,8.0,0.0,9.0,11.0,9.0
761,小笠原　孝,,,,,,,,0.0,0.0,1.0,7.0
762,小椋　真介,,,,,,,,,,4.0,0.0
763,玉置　隆,,,,,0.0,0.0,0.0,,,,
764,西原　圭大,,,,0.0,0.0,0.0,,,,,
770,金刃　憲人,,,0.0,3.0,2.0,0.0,1.0,,2.0,1.0,1.0
771,チルダース,,,,,,,,,,,0.0
772,土本　恭平,,,,,,,,,,0.0,
773,東條　大樹,,,0.0,0.0,,,,,,,
774,ガルセス,,,2.0,,,,,,,,
775,大島　崇行,,,,,,,,0.0,0.0,1.0,0.0
776,下柳　剛,,,,,,,,0.0,0.0,7.0,8.0
777,ブラックリー,,,,,,1.0,,,,,
779,ウォーランド,,,,,,,,,,,5.0
782,ラルー,,,,,,,0.0,,,,
783,本柳　和也,,,,,,,,,,,0.0
785,矢貫　俊之,,,,0.0,,2.0,2.0,1.0,0.0,1.0,
786,ダックワース,,,,,,,5.0,3.0,,,
787,小澤　怜史,,,0.0,,,,,,,,
788,西村　憲,,,,,,,0.0,,1.0,7.0,0.0
790,カルロス・ロサ,,,,,1.0,1.0,0.0,0.0,3.0,,
791,柳川　洋平,,,,,,,,,0.0,,
792,ミコライオ,,,,5.0,,1.0,2.0,3.0,,,
794,岡本　秀寛,,,,,,,,,,,0.0
795,髙木　伴,,,,0.0,,,,,,,
796,フィガロ,,,,,,,,0.0,8.0,,
797,金村　曉,,,,,,,,,,0.0,1.0
798,西川　雅人,,,,,,,,0.0,0.0,0.0,0.0
799,ハミルトン,,,,,,,,0.0,1.0,,
801,コーディエ,,,,0.0,,,,,,,
803,黄　志龍,,,,,,,,,,0.0,
804,林　イー豪,,,,,,,,,,0.0,
806,平野　佳寿,,,3.0,4.0,0.0,1.0,2.0,7.0,6.0,7.0,3.0
809,レイ,,,,0.0,5.0,,0.0,,,,
813,加藤　康介,,,,,0.0,3.0,1.0,0.0,0.0,0.0,1.0
814,デラクルス,,,,,,,,,,0.0,
815,リーチ,,,,,,,,,1.0,,
816,成瀬　善久,,,0.0,3.0,3.0,9.0,6.0,12.0,10.0,13.0,11.0
817,ペトリック,,,,3.0,,,,,,,
819,西崎　聡,,,,,,,,,,,0.0
820,永井　怜,,,,,0.0,0.0,2.0,1.0,4.0,10.0,13.0
821,小林　宏之,,,,,,,,,,,4.0
824,那須野　巧,,,,,,,,,,,0.0
826,林　昌範,,,,,1.0,2.0,0.0,0.0,0.0,2.0,3.0
829,レイノルズ,,,,,,3.0,,,,,
830,七條　祐樹,,,,,,2.0,0.0,2.0,4.0,,
831,相沢　晋,,,,,0.0,,,,,,
833,ロドリゲス,,,,,,,,,,,
836,木村　文紀,,,,,,,,0.0,1.0,,
840,クロッタ,,,,,2.0,4.0,,,,,
841,ウエスト,,,0.0,,,,,,,,
842,八木　智哉,,,1.0,0.0,4.0,0.0,0.0,6.0,1.0,1.0,9.0
843,増渕　竜義,,,,,,,0.0,2.0,7.0,2.0,0.0
844,小山田　保裕,,,,,,,,,,,0.0
845,安部　建輝,,,,,0.0,0.0,0.0,,,,
846,コーク,,,2.0,,,,,,,,
847,バスケス,,,,0.0,3.0,,,,,,
848,オーレンドルフ,,,0.0,,,,,,,,
850,伊藤　義弘,,,,,0.0,1.0,1.0,0.0,1.0,1.0,2.0
851,正津　英志,,,,,,,,,,,0.0
853,石橋　良太,,,,0.0,,,,,,,
856,小杉　陽太,,,,0.0,3.0,0.0,1.0,1.0,0.0,1.0,0.0
857,山本　省吾,,,,,,,0.0,1.0,2.0,8.0,9.0
859,ポレダ,,,,1.0,8.0,,,,,,
860,中崎　雄太,,,,,,,0.0,,,,
861,ピント,,,,,,,,1.0,,,
863,アッチソン,,,,,,,,,,,5.0
865,新垣　渚,,,,1.0,3.0,0.0,1.0,6.0,,,0.0
866,横山　貴明,,,,0.0,0.0,1.0,,,,,
869,岸本　秀樹,,,,,,,,0.0,3.0,1.0,
870,上野　貴久,,,,,,,,,,0.0,
871,屋宜　照悟,,,0.0,,2.0,,1.0,,,,
872,野村　亮介,,,,,0.0,,,,,,
874,金子　丈,,,,0.0,0.0,,,,,,
875,川井　雄太,,,,,,,,,5.0,1.0,11.0
876,豊田　清,,,,,,,,,2.0,1.0,2.0
877,コーコラン,,,,,,,1.0,,,,
878,ペレス,,,,2.0,,,,,,,
879,齊藤　勝,,,,,,0.0,0.0,,,,
880,前田　健太,,,,,15.0,11.0,15.0,14.0,10.0,15.0,8.0
882,濱田　達郎,,,,0.0,0.0,5.0,,,,,
883,木村　文和,,,,,,,,,,,0.0
884,島袋　洋奨,,,,,0.0,,,,,,
885,シュルツ,,,,,,,0.0,,0.0,0.0,5.0
886,ドーマン,,,,,,,,,,,0.0
889,運天　ジョン・クレイトン,,,,,,,,,0.0,,
891,上園　啓史,,,,,,0.0,0.0,0.0,,3.0,0.0
892,松本　輝,,,,,,,,,,0.0,0.0
900,バルデス,,,6.0,6.0,5.0,,,,,1.0,
901,岩隈　久志,,,,,,,,,6.0,10.0,13.0
903,青木　勇人,,,,,,,,,,0.0,0.0
904,金　無英,,,,0.0,,1.0,0.0,1.0,0.0,,0.0
