,登録名,チーム2018,総負け数,敗北2018,敗北2017,敗北2016,敗北2015,敗北2014,敗北2013,敗北2012,敗北2011,敗北2010,敗北2009
450,石川　雅規,ヤクルト,90.0,5.0,14.0,8.0,9.0,10.0,9.0,11.0,9.0,8.0,7.0
662,涌井　秀章,ロッテ,84.0,7.0,11.0,7.0,9.0,12.0,7.0,5.0,12.0,8.0,6.0
458,能見　篤史,阪神,81.0,2.0,6.0,12.0,13.0,13.0,7.0,10.0,9.0,0.0,9.0
74,メッセンジャー,阪神,77.0,7.0,5.0,11.0,12.0,10.0,8.0,11.0,7.0,6.0,
519,岸　孝之,楽天,67.0,3.0,10.0,7.0,6.0,4.0,5.0,12.0,9.0,6.0,5.0
634,金子　千尋,オリックス,66.0,7.0,8.0,9.0,6.0,5.0,8.0,3.0,4.0,8.0,8.0
26,スタンリッジ,,65.0,,6.0,8.0,7.0,8.0,12.0,12.0,7.0,5.0,
153,成瀬　善久,,65.0,,1.0,2.0,8.0,11.0,4.0,11.0,12.0,11.0,5.0
195,前田　健太,,65.0,,,,8.0,9.0,7.0,7.0,12.0,8.0,14.0
281,西　勇輝,オリックス,63.0,11.0,6.0,12.0,6.0,10.0,8.0,3.0,7.0,0.0,0.0
672,内海　哲也,巨人,63.0,4.0,7.0,6.0,1.0,9.0,6.0,6.0,5.0,8.0,11.0
366,岩田　稔,阪神,63.0,3.0,2.0,3.0,10.0,8.0,5.0,14.0,13.0,,5.0
186,三浦　大輔,,62.0,,,3.0,6.0,6.0,13.0,9.0,6.0,8.0,11.0
539,唐川　侑己,ロッテ,62.0,3.0,10.0,6.0,4.0,9.0,11.0,2.0,6.0,3.0,8.0
185,野上　亮磨,巨人,60.0,4.0,10.0,9.0,7.0,10.0,7.0,5.0,1.0,2.0,5.0
782,則本　昂大,楽天,57.0,10.0,7.0,11.0,11.0,10.0,8.0,,,,
459,吉川　光夫,巨人,56.0,4.0,3.0,6.0,8.0,4.0,15.0,5.0,5.0,4.0,2.0
235,美馬　学,楽天,55.0,6.0,8.0,9.0,7.0,9.0,5.0,10.0,1.0,,
904,久保　康友,,55.0,,2.0,8.0,7.0,6.0,4.0,7.0,8.0,5.0,8.0
482,中田　賢一,ソフトバンク,53.0,3.0,6.0,3.0,7.0,7.0,6.0,10.0,3.0,4.0,4.0
487,ディクソン,オリックス,53.0,6.0,9.0,11.0,9.0,10.0,8.0,,,,
65,辛島　航,楽天,53.0,8.0,8.0,7.0,7.0,13.0,4.0,5.0,,1.0,0.0
111,大野　雄大,中日,53.0,3.0,8.0,10.0,10.0,8.0,10.0,3.0,1.0,,
404,山井　大介,中日,51.0,6.0,0.0,8.0,12.0,5.0,6.0,3.0,3.0,4.0,4.0
17,牧田　和久,,49.0,,3.0,1.0,11.0,9.0,9.0,9.0,7.0,,
732,攝津　正,ソフトバンク,49.0,4.0,2.0,2.0,7.0,8.0,8.0,5.0,8.0,3.0,2.0
613,武田　勝,,48.0,,,0.0,2.0,4.0,7.0,7.0,12.0,7.0,9.0
682,井納　翔一,DeNA,48.0,3.0,10.0,11.0,8.0,9.0,7.0,,,,
188,塩見　貴洋,楽天,47.0,3.0,3.0,10.0,5.0,7.0,,10.0,9.0,,
676,澤村　拓一,巨人,47.0,6.0,,4.0,3.0,3.0,10.0,10.0,11.0,,
160,吉見　一起,中日,47.0,5.0,7.0,7.0,0.0,1.0,4.0,4.0,3.0,9.0,7.0
290,山口　俊,巨人,47.0,8.0,1.0,5.0,6.0,5.0,2.0,2.0,6.0,8.0,4.0
208,菊池　雄星,西武,46.0,4.0,6.0,7.0,10.0,11.0,4.0,3.0,1.0,,
746,平野　佳寿,,45.0,,7.0,4.0,3.0,6.0,5.0,4.0,2.0,2.0,12.0
383,バリントン,,45.0,,,,3.0,8.0,9.0,14.0,11.0,,
60,大竹　寛,巨人,45.0,1.0,4.0,6.0,4.0,6.0,10.0,5.0,1.0,0.0,8.0
413,野村　祐輔,広島,44.0,3.0,5.0,3.0,8.0,8.0,6.0,11.0,,,
395,村中　恭兵,ヤクルト,43.0,0.0,0.0,3.0,,2.0,9.0,7.0,6.0,10.0,6.0
665,寺原　隼人,ソフトバンク,42.0,0.0,2.0,1.0,3.0,4.0,7.0,8.0,10.0,,7.0
542,近藤　一樹,ヤクルト,42.0,3.0,4.0,,4.0,1.0,0.0,1.0,7.0,10.0,12.0
407,石川　歩,ロッテ,41.0,5.0,11.0,5.0,12.0,8.0,,,,,
202,十亀　剣,西武,41.0,8.0,7.0,6.0,7.0,5.0,8.0,0.0,,,
349,杉内　俊哉,,41.0,,,,6.0,6.0,6.0,4.0,7.0,7.0,5.0
177,藤浪　晋太郎,阪神,40.0,3.0,5.0,11.0,7.0,8.0,6.0,,,,
538,菅野　智之,巨人,40.0,7.0,5.0,6.0,11.0,5.0,6.0,,,,
650,小川　泰弘,ヤクルト,39.0,5.0,7.0,9.0,8.0,6.0,4.0,,,,
286,木佐貫　洋,,39.0,,,,0.0,3.0,8.0,9.0,7.0,12.0,0.0
553,ウルフ,西武,39.0,3.0,4.0,0.0,1.0,2.0,6.0,9.0,11.0,3.0,
763,渡辺　俊介,,38.0,,,,,,4.0,4.0,9.0,8.0,13.0
252,高崎　健太郎,,37.0,,0.0,,3.0,3.0,5.0,10.0,15.0,1.0,0.0
627,大隣　憲司,ロッテ,37.0,1.0,1.0,0.0,4.0,1.0,3.0,8.0,0.0,9.0,10.0
460,田島　慎二,中日,37.0,4.0,5.0,4.0,6.0,5.0,10.0,3.0,,,
42,館山　昌平,ヤクルト,37.0,3.0,1.0,4.0,3.0,,0.0,8.0,5.0,7.0,6.0
562,福井　優也,広島,36.0,3.0,3.0,4.0,6.0,5.0,2.0,3.0,10.0,,
393,由規,ヤクルト,35.0,2.0,5.0,3.0,,,,,6.0,9.0,10.0
593,青山　浩二,楽天,35.0,1.0,1.0,5.0,5.0,4.0,5.0,4.0,4.0,1.0,5.0
823,武田　翔太,ソフトバンク,35.0,9.0,4.0,8.0,6.0,3.0,4.0,1.0,,,
79,松葉　貴大,オリックス,34.0,0.0,12.0,9.0,6.0,1.0,6.0,,,,
439,山本　省吾,,32.0,,,,,,0.0,4.0,11.0,10.0,7.0
221,有原　航平,日本ハム,32.0,4.0,13.0,9.0,6.0,,,,,,
513,大谷　智久,ロッテ,32.0,3.0,2.0,3.0,1.0,2.0,5.0,6.0,9.0,1.0,
541,増井　浩俊,オリックス,32.0,4.0,1.0,3.0,1.0,6.0,4.0,5.0,4.0,4.0,
861,ホールトン,,32.0,,,,,,4.0,8.0,6.0,6.0,8.0
181,大嶺　祐太,,31.0,,2.0,3.0,7.0,4.0,2.0,,1.0,6.0,6.0
376,藤岡　貴裕,日本ハム,31.0,1.0,0.0,1.0,2.0,10.0,10.0,7.0,,,
434,安藤　優也,,31.0,,0.0,1.0,4.0,2.0,2.0,7.0,0.0,3.0,12.0
87,岩貞　祐太,阪神,31.0,7.0,10.0,9.0,1.0,4.0,,,,,
33,石井　一久,,30.0,,,,,,1.0,5.0,9.0,6.0,9.0
310,東野　峻,,30.0,,,,0.0,,3.0,0.0,11.0,8.0,8.0
479,帆足　和幸,,29.0,,,,0.0,1.0,7.0,1.0,6.0,8.0,6.0
350,今村　猛,広島,29.0,2.0,5.0,4.0,1.0,1.0,5.0,2.0,8.0,1.0,
762,永井　怜,,29.0,,,,0.0,0.0,4.0,3.0,5.0,10.0,7.0
509,福原　忍,,28.0,,,0.0,4.0,6.0,0.0,4.0,3.0,1.0,10.0
93,ラズナー,,27.0,,,,,,2.0,3.0,4.0,11.0,7.0
333,上沢　直之,日本ハム,27.0,4.0,9.0,,6.0,8.0,,,,,
646,山田　大樹,ヤクルト,27.0,1.0,0.0,1.0,,1.0,3.0,10.0,7.0,4.0,
850,バルデス,,27.0,,9.0,7.0,8.0,,,,,3.0,
351,マシソン,巨人,27.0,3.0,4.0,4.0,8.0,6.0,2.0,0.0,,,
141,秋山　拓巳,阪神,27.0,10.0,6.0,1.0,1.0,1.0,3.0,1.0,1.0,3.0,
618,中山　慎也,,26.0,,,,0.0,0.0,3.0,7.0,9.0,3.0,4.0
497,岩嵜　翔,ソフトバンク,26.0,0.0,3.0,2.0,0.0,1.0,4.0,10.0,2.0,3.0,1.0
477,田口　麗斗,巨人,26.0,7.0,4.0,10.0,5.0,,,,,,
667,東明　大貴,オリックス,26.0,1.0,0.0,10.0,8.0,7.0,,,,,
685,川井　貴志,,25.0,,,1.0,2.0,6.0,2.0,1.0,4.0,7.0,2.0
431,山口　鉄也,,25.0,,1.0,6.0,5.0,3.0,3.0,2.0,1.0,3.0,1.0
192,今永　昇太,DeNA,25.0,9.0,7.0,9.0,,,,,,,
364,原　樹理,ヤクルト,25.0,6.0,11.0,8.0,,,,,,,
219,益田　直也,ロッテ,25.0,6.0,4.0,2.0,2.0,3.0,6.0,2.0,,,
361,岸田　護,オリックス,25.0,0.0,0.0,0.0,3.0,3.0,2.0,2.0,6.0,5.0,4.0
720,グライシンガー,,25.0,,,,,,4.0,8.0,5.0,2.0,6.0
39,増田　達至,西武,25.0,4.0,5.0,5.0,4.0,4.0,3.0,,,,
227,戸村　健次,楽天,25.0,0.0,1.0,5.0,11.0,0.0,2.0,2.0,3.0,1.0,
466,大瀬良　大地,広島,24.0,5.0,2.0,1.0,8.0,8.0,,,,,
733,斎藤　佑樹,日本ハム,24.0,1.0,3.0,1.0,3.0,1.0,1.0,8.0,6.0,,
330,チェン,,24.0,,,,,,,,10.0,10.0,4.0
599,松井　裕樹,楽天,24.0,7.0,3.0,4.0,2.0,8.0,,,,,
157,石山　泰稚,ヤクルト,24.0,2.0,6.0,0.0,5.0,8.0,3.0,,,,
502,小松　聖,,23.0,,,1.0,0.0,0.0,0.0,5.0,0.0,8.0,9.0
183,和田　毅,,23.0,,0.0,5.0,,,,,5.0,8.0,5.0
808,二木　康太,ロッテ,23.0,5.0,9.0,9.0,0.0,,,,,,
430,石田　健大,DeNA,23.0,7.0,6.0,4.0,6.0,,,,,,
165,岩瀬　仁紀,中日,23.0,0.0,6.0,2.0,,2.0,3.0,3.0,1.0,3.0,3.0
225,宮西　尚生,日本ハム,23.0,1.0,5.0,1.0,3.0,5.0,1.0,2.0,2.0,1.0,2.0
857,高木　勇人,西武,23.0,2.0,2.0,9.0,10.0,,,,,,
709,清水　直行,,22.0,,,,,,,,4.0,11.0,7.0
275,ロマン,,22.0,,,,5.0,0.0,6.0,11.0,,,
342,山中　浩史,ヤクルト,22.0,0.0,6.0,12.0,2.0,,2.0,,,,
687,増渕　竜義,,22.0,,,,,,0.0,7.0,11.0,3.0,1.0
260,岩崎　優,阪神,22.0,2.0,1.0,5.0,10.0,4.0,,,,,
547,ブキャナン,ヤクルト,22.0,9.0,13.0,,,,,,,,
365,モスコーソ,,22.0,,,7.0,6.0,9.0,,,,,
898,篠田　純平,,22.0,,,,,4.0,1.0,3.0,7.0,6.0,1.0
565,新垣　渚,,22.0,,,2.0,10.0,2.0,1.0,5.0,,,2.0
44,朝倉　健太,,22.0,,,,0.0,6.0,1.0,0.0,1.0,6.0,8.0
240,加賀　繁,DeNA,22.0,0.0,0.0,0.0,0.0,1.0,4.0,2.0,3.0,12.0,
814,岩隈　久志,,22.0,,,,,,,,7.0,9.0,6.0
767,八木　亮祐,,21.0,,,,2.0,6.0,13.0,0.0,,,
442,山岡　泰輔,オリックス,21.0,10.0,11.0,,,,,,,,
258,ネルソン,,21.0,,,,,,,1.0,14.0,3.0,3.0
781,齊藤　悠葵,,21.0,,,,,,,3.0,,7.0,11.0
608,田中　将大,,21.0,,,,,,0.0,4.0,5.0,6.0,6.0
703,小野　晋吾,,21.0,,,,,,,5.0,5.0,4.0,7.0
868,又吉　克樹,中日,21.0,5.0,3.0,6.0,6.0,1.0,,,,,
156,西村　健太朗,,21.0,,2.0,0.0,0.0,4.0,3.0,2.0,5.0,5.0,0.0
113,東浜　巨,ソフトバンク,21.0,5.0,5.0,6.0,2.0,2.0,1.0,,,,
474,佐藤　達也,,21.0,,1.0,4.0,7.0,4.0,4.0,1.0,,,
706,ジオ,,21.0,,,,,,,6.0,7.0,8.0,
760,藤川　球児,阪神,20.0,2.0,0.0,6.0,,,,2.0,3.0,4.0,3.0
298,ケッペル,,20.0,,,,,,5.0,1.0,6.0,8.0,
374,藤井　秀悟,,20.0,,,,,,5.0,7.0,0.0,3.0,5.0
139,赤川　克紀,,20.0,,,,,2.0,5.0,9.0,3.0,1.0,0.0
138,小笠原　慎之介,中日,20.0,6.0,8.0,6.0,,,,,,,
1,今井　啓介,,20.0,,0.0,,1.0,0.0,2.0,8.0,2.0,4.0,3.0
130,サファテ,ソフトバンク,20.0,0.0,2.0,7.0,1.0,1.0,1.0,5.0,3.0,,
619,下柳　剛,,20.0,,,,,,,2.0,2.0,8.0,8.0
371,榎田　大樹,西武,19.0,2.0,0.0,1.0,0.0,1.0,9.0,3.0,3.0,,
476,バーネット,,19.0,,,,1.0,2.0,8.0,2.0,1.0,5.0,
594,宮國　椋丞,巨人,19.0,0.0,7.0,1.0,1.0,1.0,7.0,2.0,,,
129,八木　智哉,,19.0,,0.0,0.0,6.0,0.0,2.0,3.0,1.0,4.0,3.0
249,三嶋　一輝,DeNA,19.0,1.0,1.0,1.0,5.0,2.0,9.0,,,,
454,須田　幸太,DeNA,19.0,0.0,2.0,3.0,2.0,1.0,3.0,2.0,6.0,,
136,ダルビッシュ　有,,19.0,,,,,,,,6.0,8.0,5.0
544,ジョンソン,広島,19.0,2.0,3.0,7.0,7.0,,,,,,
224,浅尾　拓也,中日,19.0,0.0,0.0,,1.0,1.0,3.0,0.0,2.0,3.0,9.0
55,松岡　健一,ヤクルト,18.0,0.0,1.0,1.0,0.0,3.0,3.0,0.0,2.0,4.0,4.0
386,西野　勇士,ロッテ,18.0,0.0,3.0,6.0,2.0,1.0,6.0,,,,
801,西口　文也,,18.0,,,,1.0,0.0,2.0,2.0,7.0,2.0,4.0
24,小山　伸一郎,,18.0,,,,0.0,0.0,4.0,2.0,4.0,4.0,4.0
150,吉田　一将,オリックス,18.0,4.0,1.0,2.0,5.0,6.0,,,,,
480,千賀　滉大,ソフトバンク,18.0,4.0,4.0,3.0,1.0,1.0,4.0,1.0,,,
473,国吉　佑樹,DeNA,18.0,0.0,0.0,0.0,2.0,3.0,1.0,12.0,,,
323,小林　太志,,18.0,,,,,1.0,1.0,3.0,3.0,2.0,8.0
561,谷元　圭介,中日,17.0,0.0,,2.0,2.0,1.0,6.0,2.0,2.0,2.0,0.0
858,高梨　裕稔,日本ハム,17.0,7.0,7.0,2.0,1.0,,,,,,
101,ヒメネス,,17.0,,,,,,,10.0,7.0,,
412,中崎　翔太,,17.0,,,,6.0,3.0,7.0,1.0,,,
555,若松　駿太,,17.0,,4.0,8.0,4.0,1.0,,,,,
524,ゴンザレス,,17.0,,,,,,2.0,,,13.0,2.0
23,秋吉　亮,ヤクルト,17.0,2.0,6.0,4.0,1.0,4.0,,,,,
278,押本　健彦,,17.0,,,,,0.0,4.0,1.0,2.0,4.0,6.0
131,バンデンハーク,ソフトバンク,17.0,7.0,7.0,3.0,0.0,,,,,,
468,森福　允彦,巨人,17.0,0.0,3.0,1.0,2.0,1.0,2.0,5.0,2.0,1.0,0.0
370,青木　高広,,16.0,,,,,2.0,1.0,,4.0,6.0,3.0
628,黒田　博樹,,16.0,,,8.0,8.0,,,,,,
206,岡本　洋介,阪神,16.0,0.0,3.0,0.0,2.0,6.0,4.0,1.0,,0.0,
730,中村　勝,,16.0,,0.0,1.0,4.0,2.0,4.0,2.0,1.0,2.0,
306,岡田　俊哉,中日,16.0,0.0,2.0,1.0,1.0,7.0,5.0,,,,
405,九里　亜蓮,広島,16.0,3.0,5.0,2.0,1.0,5.0,,,,,
756,大場　翔太,,16.0,,,,,0.0,4.0,5.0,2.0,1.0,4.0
309,髙橋　光成,西武,16.0,1.0,4.0,11.0,,,,,,,
321,永川　勝浩,広島,16.0,0.0,,0.0,1.0,4.0,1.0,,2.0,2.0,6.0
115,海田　智行,オリックス,16.0,0.0,1.0,3.0,2.0,1.0,5.0,4.0,,,
661,大家　友和,,15.0,,,,,,,,6.0,9.0,
248,多和田　真三郎,西武,15.0,5.0,5.0,5.0,,,,,,,
623,菊池　保則,,15.0,,0.0,1.0,5.0,1.0,5.0,1.0,1.0,1.0,
354,岩田　慎司,,15.0,,,0.0,2.0,1.0,2.0,5.0,4.0,1.0,
557,中田　廉,広島,15.0,1.0,4.0,1.0,0.0,8.0,0.0,0.0,0.0,1.0,
551,グリン,,15.0,,,,,,,,,,15.0
641,大谷　翔平,,15.0,,2.0,4.0,5.0,4.0,0.0,,,,
271,山内　壮馬,,15.0,,,0.0,,1.0,4.0,7.0,2.0,1.0,0.0
178,長谷部　康平,,15.0,,,0.0,1.0,0.0,1.0,,0.0,5.0,8.0
409,加藤　貴之,日本ハム,15.0,6.0,6.0,3.0,,,,,,,
128,釜田　佳直,楽天,15.0,0.0,3.0,5.0,1.0,,2.0,4.0,,,
92,石井　裕也,,15.0,,0.0,0.0,1.0,0.0,6.0,1.0,1.0,0.0,6.0
256,中澤　雅人,ヤクルト,14.0,0.0,0.0,0.0,2.0,0.0,2.0,0.0,1.0,9.0,
9,武田　久,,14.0,,0.0,0.0,,1.0,2.0,4.0,2.0,5.0,0.0
158,山田　修義,オリックス,14.0,1.0,3.0,7.0,1.0,,0.0,2.0,,0.0,
445,古谷　拓哉,,14.0,,,4.0,4.0,5.0,1.0,0.0,0.0,0.0,0.0
493,雄太,,14.0,,,0.0,2.0,7.0,0.0,5.0,,,
259,ファルケンボーグ,,14.0,,,,,5.0,4.0,1.0,2.0,2.0,0.0
778,藤江　均,,14.0,,,,0.0,1.0,1.0,5.0,0.0,3.0,4.0
532,森　唯斗,ソフトバンク,13.0,4.0,3.0,3.0,2.0,1.0,,,,,
512,小林　宏之,,13.0,,,,,,,,,,13.0
529,岡田　明丈,広島,13.0,5.0,5.0,3.0,,,,,,,
369,真田　裕貴,,13.0,,,,,1.0,,0.0,0.0,8.0,4.0
545,福山　博之,楽天,13.0,2.0,0.0,5.0,3.0,2.0,0.0,0.0,1.0,,
368,一岡　竜司,広島,13.0,6.0,2.0,1.0,4.0,0.0,0.0,0.0,,,
510,マイコラス,,13.0,,8.0,2.0,3.0,,,,,,
595,福谷　浩司,中日,13.0,1.0,1.0,2.0,4.0,4.0,1.0,,,,
764,三上　朋也,DeNA,13.0,1.0,3.0,4.0,1.0,4.0,,,,,
124,伊藤　義弘,,13.0,,,,0.0,0.0,3.0,1.0,1.0,2.0,6.0
456,薮田　安彦,,13.0,,,,,,,6.0,2.0,5.0,
399,多田野　数人,,13.0,,,,,0.0,2.0,5.0,0.0,1.0,5.0
514,田中　健二朗,DeNA,13.0,1.0,3.0,3.0,2.0,0.0,0.0,2.0,0.0,2.0,
622,カルロス・ロサ,,13.0,,,,3.0,4.0,1.0,1.0,4.0,,
799,メンドーサ,,13.0,,,,,13.0,,,,,
52,古野　正人,ヤクルト,12.0,1.0,,2.0,3.0,4.0,2.0,,,,
718,祖父江　大輔,中日,12.0,1.0,2.0,4.0,2.0,3.0,,,,,
205,ルーキ,,12.0,,6.0,6.0,,,,,,,
864,鍵谷　陽平,日本ハム,12.0,0.0,3.0,3.0,3.0,0.0,3.0,,,,
860,武隈　祥太,西武,12.0,2.0,2.0,3.0,1.0,1.0,1.0,2.0,0.0,0.0,0.0
800,井川　慶,,12.0,,,,,2.0,3.0,7.0,,,
452,浦野　博司,日本ハム,12.0,2.0,3.0,,3.0,4.0,,,,,
649,井坂　亮平,,12.0,,,,,,,,5.0,4.0,3.0
629,カブレラ,,12.0,,,,,7.0,5.0,,,,
199,馬原　孝浩,,12.0,,,,1.0,4.0,0.0,,2.0,2.0,3.0
771,山﨑　康晃,DeNA,11.0,4.0,2.0,5.0,,,,,,,
614,山本　哲哉,ヤクルト,11.0,0.0,1.0,,0.0,4.0,3.0,2.0,1.0,,
892,川井　雄太,,11.0,,,,,,,,3.0,3.0,5.0
121,平野　将光,,11.0,,,,,0.0,,0.0,6.0,4.0,1.0
308,ポレダ,,11.0,,,3.0,8.0,,,,,,
838,小野　泰己,阪神,11.0,4.0,7.0,,,,,,,,
621,長田　秀一郎,,11.0,,,0.0,1.0,5.0,,1.0,1.0,3.0,0.0
293,ナーブソン,,11.0,,,,,11.0,,,,,
723,五十嵐　亮太,ソフトバンク,11.0,1.0,0.0,1.0,1.0,3.0,3.0,,,,2.0
285,フィガロ,,11.0,,,,,,,5.0,6.0,,
852,許　銘傑,,11.0,,,,,,,,,9.0,2.0
633,横山　竜士,,11.0,,,,,0.0,1.0,0.0,0.0,2.0,8.0
574,内　竜也,ロッテ,11.0,5.0,1.0,1.0,1.0,0.0,0.0,1.0,1.0,0.0,1.0
653,伊藤　準規,中日,11.0,0.0,2.0,2.0,0.0,2.0,,0.0,4.0,1.0,0.0
550,マエストリ,,11.0,,,,2.0,1.0,5.0,3.0,,,
204,マーフィー,,11.0,,,,,,,,5.0,6.0,
385,濵口　遥大,DeNA,11.0,5.0,6.0,,,,,,,,
46,ドリス,阪神,11.0,4.0,4.0,3.0,,,,,,,
484,ランドルフ,,11.0,,,,,,,,,9.0,2.0
78,ウィーランド,DeNA,11.0,9.0,2.0,,,,,,,,
201,ミコライオ,,11.0,,,1.0,,1.0,4.0,5.0,,,
203,シコースキー,,11.0,,,,,,,,1.0,5.0,5.0
451,チェン・グァンユウ,ロッテ,10.0,1.0,4.0,1.0,4.0,,,,,,
166,砂田　毅樹,DeNA,10.0,1.0,2.0,2.0,5.0,,,,,,
28,ジョーダン,,10.0,,4.0,6.0,,,,,,,
428,加賀美　希昇,,10.0,,,,,3.0,4.0,3.0,0.0,,
172,今村　信貴,巨人,10.0,2.0,2.0,4.0,,1.0,1.0,,,,
488,山本昌,,10.0,,,,0.0,1.0,2.0,2.0,,1.0,4.0
785,レイ,,10.0,,,2.0,7.0,,1.0,,,,
378,越智　大祐,,10.0,,,,,,,1.0,2.0,4.0,3.0
642,ウィリアムス,,10.0,,,,,4.0,2.0,3.0,,,1.0
522,ウォーランド,,10.0,,,,,,,,,,10.0
312,上野　大樹,,10.0,,,,0.0,1.0,0.0,1.0,7.0,0.0,1.0
234,郭　俊麟,西武,10.0,0.0,,3.0,7.0,,,,,,
86,中村　恭平,広島,10.0,1.0,,1.0,1.0,,5.0,0.0,2.0,,
659,藤岡　好明,DeNA,10.0,0.0,0.0,,0.0,0.0,0.0,0.0,0.0,2.0,8.0
590,吉見　祐治,,10.0,,,,,,1.0,2.0,3.0,,4.0
897,安樂　智大,,10.0,,5.0,5.0,0.0,,,,,,
615,関谷　亮太,ロッテ,10.0,0.0,4.0,6.0,,,,,,,
853,スタルツ,,10.0,,,,,,,,,10.0,
632,イ・デウン,,9.0,,,0.0,9.0,,,,,,
299,片山　博視,,9.0,,,,,1.0,1.0,2.0,3.0,2.0,
638,石川　柊太,ソフトバンク,9.0,6.0,3.0,,,,,,,,
712,ブランドン,,9.0,,,,,,,8.0,1.0,,
397,古川　侑利,楽天,9.0,7.0,2.0,0.0,,0.0,,,,,
597,上園　啓史,,9.0,,,,,1.0,3.0,1.0,,4.0,0.0
432,建山　義紀,,9.0,,,,,0.0,,,,2.0,7.0
346,小杉　陽太,,9.0,,,0.0,3.0,0.0,2.0,0.0,1.0,2.0,1.0
313,青柳　晃洋,阪神,9.0,0.0,4.0,5.0,,,,,,,
774,川岸　強,,9.0,,,,,,,,1.0,5.0,3.0
691,金刃　憲人,,9.0,,1.0,1.0,2.0,1.0,0.0,,4.0,0.0,0.0
317,松永　昂大,ロッテ,9.0,2.0,3.0,0.0,0.0,3.0,1.0,,,,
263,藤平　尚真,楽天,9.0,5.0,4.0,,,,,,,,
883,柳　裕也,中日,9.0,5.0,4.0,,,,,,,,
255,比嘉　幹貴,オリックス,9.0,2.0,1.0,1.0,0.0,1.0,3.0,0.0,0.0,1.0,
69,ルイス,,9.0,,,,,,,,,,9.0
75,木谷　良平,,9.0,,,0.0,0.0,6.0,3.0,,,,
35,久保田　智之,,8.0,,,,,,2.0,0.0,2.0,3.0,1.0
296,中村　祐太,広島,8.0,4.0,4.0,,,,,,,,
82,矢貫　俊之,,8.0,,,0.0,,2.0,3.0,0.0,1.0,2.0,
516,高橋　聡文,,8.0,,,,3.0,0.0,2.0,0.0,0.0,1.0,2.0
725,マルティネス,日本ハム,8.0,8.0,,,,,,,,,
779,小熊　凌祐,中日,8.0,1.0,3.0,2.0,1.0,1.0,0.0,0.0,0.0,,
415,飯塚　悟史,DeNA,8.0,5.0,3.0,,,,,,,,
604,バリオス,DeNA,8.0,4.0,,2.0,2.0,0.0,,,,,
27,大沼　幸二,,8.0,,,,,,,,0.0,1.0,7.0
54,藤原　紘通,,8.0,,,,,,,,1.0,3.0,4.0
787,山﨑　福也,オリックス,8.0,1.0,5.0,2.0,,,,,,,
531,マテオ,阪神,8.0,1.0,4.0,3.0,,,,,,,
769,小椋　真介,,8.0,,,,,,,,,8.0,0.0
587,林　昌勇,,8.0,,,,,,,0.0,2.0,2.0,4.0
873,岡島　秀樹,,8.0,,,,2.0,4.0,,2.0,,,
377,糸数　敬作,,8.0,,,,,,,0.0,1.0,2.0,5.0
880,バース,,8.0,,,8.0,,,,,,,
670,香月　良太,,8.0,,,,0.0,0.0,0.0,2.0,2.0,1.0,3.0
748,小林宏,,8.0,,,,,0.0,,,5.0,3.0,
198,小野寺　力,,8.0,,,,,,,0.0,0.0,3.0,5.0
841,杉浦　稔大,日本ハム,8.0,0.0,1.0,2.0,3.0,2.0,,,,,
355,久保　裕也,楽天,8.0,0.0,1.0,0.0,,4.0,,0.0,2.0,1.0,0.0
440,小山　雄輝,,8.0,,0.0,1.0,1.0,2.0,2.0,2.0,0.0,,
8,ソーサ,,8.0,,,,,3.0,4.0,1.0,,,
708,スウィーニー,,8.0,,,,,,,,,,8.0
842,福田　聡志,,8.0,,,,,1.0,1.0,1.0,1.0,4.0,0.0
288,鶴　直人,,8.0,,,0.0,0.0,1.0,1.0,0.0,2.0,4.0,0.0
125,阿斗里,,8.0,,,,,,,0.0,1.0,7.0,0.0
254,レイノルズ,,7.0,,,,,7.0,,,,,
679,戸田　隆矢,広島,7.0,0.0,0.0,0.0,3.0,2.0,1.0,1.0,,,
588,小笠原　孝,,7.0,,,,,,,2.0,0.0,3.0,2.0
264,岡本　篤志,,7.0,,,0.0,0.0,1.0,1.0,3.0,1.0,1.0,
731,マクレーン,,7.0,,,,,,,4.0,3.0,,
827,星　知弥,ヤクルト,7.0,0.0,7.0,,,,,,,,
99,クロッタ,,7.0,,,,2.0,5.0,,,,,
179,南　昌輝,ロッテ,7.0,2.0,1.0,4.0,,0.0,0.0,0.0,,,
815,菊地　和正,,7.0,,,,,1.0,1.0,2.0,,1.0,2.0
874,藤原　良平,,7.0,,0.0,0.0,1.0,6.0,0.0,0.0,0.0,,
891,才木　浩人,阪神,7.0,7.0,0.0,,,,,,,,
677,有吉　優樹,ロッテ,7.0,2.0,5.0,,,,,,,,
483,高橋　秀聡,,7.0,,,,,,,0.0,1.0,2.0,4.0
2,ペン,,7.0,,,,,,,2.0,2.0,3.0,
49,山本　斉,,7.0,,,,,,,,6.0,1.0,0.0
212,高木　康成,,7.0,,,,,,0.0,1.0,3.0,1.0,2.0
751,スアレス,ソフトバンク,7.0,1.0,,6.0,,,,,,,
352,江草　仁貴,,7.0,,,0.0,0.0,0.0,1.0,0.0,1.0,0.0,5.0
34,高橋　尚成,,7.0,,,,1.0,,,,,,6.0
311,薮田　和樹,広島,7.0,1.0,3.0,1.0,2.0,,,,,,
702,ガルシア,中日,7.0,7.0,,,,,,,,,
694,ヒース,西武,7.0,1.0,,,6.0,0.0,,,,,
717,ジャクソン,広島,7.0,1.0,2.0,4.0,,,,,,,
287,リーチ,,7.0,,,,,,,,7.0,,
520,濱田　達郎,,7.0,,,1.0,3.0,3.0,,,,,
239,呉　昇桓,,7.0,,,,3.0,4.0,,,,,
833,林　昌範,,7.0,,,,1.0,2.0,0.0,0.0,0.0,2.0,2.0
523,前田　祐二,,7.0,,,,1.0,,4.0,2.0,,0.0,
243,佐々木　千隼,,7.0,,7.0,,,,,,,,
143,川島　亮,,7.0,,,,,,,,1.0,0.0,6.0
105,木田　優夫,,6.0,,,,,,,0.0,0.0,2.0,4.0
832,阿部　和成,ロッテ,6.0,1.0,0.0,0.0,1.0,,0.0,2.0,2.0,,
481,平良　拳太郎,DeNA,6.0,2.0,3.0,1.0,,,,,,,
425,尚成,,6.0,,,,,6.0,,,,,
835,クルーン,,6.0,,,,,,,,,3.0,3.0
149,カミネロ,巨人,6.0,1.0,5.0,,,,,,,,
84,ユウキ,,6.0,,,,,,,,,0.0,6.0
546,ソト,,6.0,,,,,1.0,3.0,1.0,1.0,,
710,ハフ,ヤクルト,6.0,6.0,,,,,,,,,
446,西川　健太郎,,6.0,,,,0.0,,6.0,0.0,,,
729,伊原　正樹,,6.0,,,,,,,,0.0,3.0,3.0
402,松田　遼馬,ソフトバンク,6.0,0.0,2.0,0.0,2.0,0.0,2.0,,,,
570,榊原　諒,,6.0,,,,1.0,0.0,0.0,0.0,3.0,1.0,1.0
536,武藤　祐太,DeNA,6.0,0.0,,0.0,3.0,1.0,2.0,0.0,0.0,,
70,ポーリーノ,,6.0,,,6.0,,,,,,,
495,筒井　和也,,6.0,,,0.0,0.0,0.0,1.0,1.0,0.0,2.0,2.0
521,山崎　福也,,6.0,,,,6.0,,,,,,
684,塚原　頌平,,6.0,,0.0,1.0,4.0,,,1.0,,,
489,菊地原　毅,,6.0,,,,,,1.0,1.0,0.0,1.0,3.0
704,久古　健太郎,,6.0,,0.0,0.0,0.0,3.0,1.0,0.0,2.0,,
269,酒居　知史,ロッテ,6.0,5.0,1.0,,,,,,,,
528,岸本　秀樹,,6.0,,,,,,,2.0,2.0,2.0,
401,加藤　大輔,,6.0,,,,,,2.0,0.0,,0.0,4.0
471,ダックワース,,6.0,,,,,,5.0,1.0,,,
31,笠原　祥太郎,中日,6.0,3.0,3.0,,,,,,,,
211,パディーヤ,,6.0,,,,,,6.0,,,,
222,小松　剛,,6.0,,,,,,,,,3.0,3.0
583,小嶋　達也,,6.0,,,,0.0,0.0,1.0,0.0,2.0,3.0,0.0
244,森　雄大,楽天,6.0,0.0,1.0,,2.0,3.0,,,,,
903,大石　達也,西武,6.0,0.0,0.0,0.0,0.0,,5.0,1.0,,,
303,吉川　輝昭,,6.0,,,,,,2.0,1.0,0.0,0.0,3.0
15,飯田　優也,,6.0,,0.0,0.0,1.0,5.0,,,,,
12,朴　贊浩,,5.0,,,,,,,,5.0,,
71,高橋　建,,5.0,,,,,,,,,5.0,
770,クルーズ,,5.0,,,,3.0,2.0,,,,,
810,京山　将弥,DeNA,5.0,5.0,,,,,,,,,
635,東　克樹,DeNA,5.0,5.0,,,,,,,,,
231,フォッサム,,5.0,,,,,,,,,5.0,
626,江柄子　裕樹,,5.0,,0.0,1.0,,2.0,0.0,2.0,,,
163,大島　崇行,,5.0,,,,,,,0.0,0.0,5.0,0.0
25,上原　浩治,巨人,5.0,5.0,,,,,,,,,
43,セドン,,5.0,,,,,5.0,,,,,
448,アンソニー・カーター,,5.0,,,,,5.0,,,,,
241,一場　靖弘,,5.0,,,,,,,,0.0,,5.0
606,ミンチェ,,5.0,,,,,,0.0,3.0,2.0,,
77,河原　純一,,5.0,,,,,,,,4.0,1.0,0.0
500,鈴木　翔太,,5.0,,5.0,,0.0,0.0,,,,,
498,白村　明弘,日本ハム,5.0,0.0,3.0,1.0,1.0,0.0,,,,,
155,田原　誠次,巨人,5.0,0.0,1.0,3.0,0.0,1.0,0.0,0.0,,,
334,田中　靖洋,ロッテ,5.0,1.0,0.0,1.0,1.0,1.0,,0.0,,1.0,
867,小石　博孝,西武,5.0,0.0,0.0,2.0,0.0,2.0,0.0,1.0,,,
151,デイビーズ,,5.0,,,5.0,,,,,,,
803,池田　隆英,楽天,5.0,5.0,,,,,,,,,
688,七條　祐樹,,5.0,,,,,1.0,1.0,3.0,0.0,,
866,小野　淳平,,5.0,,,0.0,,1.0,1.0,1.0,2.0,,
266,ルブラン,,5.0,,,,5.0,,,,,,
786,マストニー,,5.0,,,,,,,,,,5.0
895,シュリッター,,5.0,,5.0,,,,,,,,
503,中﨑　翔太,広島,5.0,0.0,1.0,4.0,,,,,,,
223,工藤　公康,,5.0,,,,,,,,,2.0,3.0
102,鈴木　博志,中日,5.0,5.0,,,,,,,,,
681,誠,,5.0,,1.0,2.0,,2.0,,,,,
887,藤田　太陽,,5.0,,,,,,0.0,0.0,2.0,3.0,
879,上原　健太,日本ハム,5.0,0.0,5.0,0.0,,,,,,,
341,木村　優太,,5.0,,,1.0,3.0,1.0,,,,,
107,ヘーゲンズ,,5.0,,0.0,5.0,,,,,,,
214,ネイラー,,5.0,,,2.0,3.0,,,,,,
110,村田　透,日本ハム,5.0,3.0,2.0,,,,,,,,
820,小林　敦,,5.0,,,,,,,,5.0,,
877,桑原　謙太朗,阪神,5.0,1.0,2.0,,0.0,0.0,0.0,0.0,0.0,2.0,0.0
752,光原　逸裕,,5.0,,,,,,,,3.0,0.0,2.0
345,嘉弥真　新也,ソフトバンク,4.0,1.0,0.0,0.0,0.0,2.0,1.0,0.0,,,
7,中尾　輝,ヤクルト,4.0,3.0,1.0,,,,,,,,
427,ジャマーノ,,4.0,,,,,,,,,,4.0
609,オビスポ,,4.0,,,,,,,,0.0,3.0,1.0
640,山崎　康晃,,4.0,,,,4.0,,,,,,
10,コーリー,,4.0,,,,,,,,,4.0,
836,川上　憲伸,,4.0,,,,,2.0,1.0,1.0,,,
118,中郷　大樹,,4.0,,,,,0.0,2.0,1.0,1.0,,0.0
611,ハミルトン,,4.0,,,,,,,0.0,4.0,,
282,平井　正史,,4.0,,,,,0.0,0.0,1.0,1.0,1.0,1.0
620,豊田　清,,4.0,,,,,,,,1.0,1.0,2.0
854,ボーグルソン,,4.0,,,,,,,,,,4.0
639,上野　弘文,,4.0,,,,,0.0,0.0,,2.0,2.0,0.0
437,畠　世周,,4.0,,4.0,,,,,,,,
568,大田　阿斗里,,4.0,,,0.0,,0.0,4.0,,,,
894,神内　靖,,4.0,,,,,,1.0,0.0,0.0,0.0,3.0
758,風張　蓮,ヤクルト,4.0,4.0,0.0,0.0,0.0,,,,,,
790,歳内　宏明,,4.0,,,0.0,1.0,3.0,0.0,0.0,,,
616,カスティーヨ,西武,4.0,4.0,,,,,,,,,
575,横山　貴明,,4.0,,,0.0,2.0,2.0,,,,,
567,エレラ,,4.0,,,,4.0,,,,,,
882,モイネロ,ソフトバンク,4.0,1.0,3.0,,,,,,,,
834,スパイアー,,4.0,,,,,,,,4.0,,
737,木村　文和,,4.0,,,,,,,,,,4.0
722,松本　裕樹,ソフトバンク,4.0,0.0,4.0,0.0,,,,,,,
173,ロー,,4.0,,,,,,,,,,4.0
36,王　溢正,,4.0,,,,,,,4.0,,,
463,ハーマン,楽天,4.0,3.0,1.0,,,,,,,,
589,ソリアーノ,,4.0,,,,,,,,1.0,3.0,
398,江尻　慎太郎,,4.0,,,,,0.0,1.0,0.0,2.0,,1.0
765,グウィン,,4.0,,,,,,,,,,4.0
106,バンヘッケン,,4.0,,,4.0,,,,,,,
324,巽　真悟,,4.0,,,,0.0,0.0,1.0,1.0,,2.0,0.0
387,岩本　輝,オリックス,4.0,2.0,,,1.0,0.0,0.0,1.0,,,
270,高橋　朋己,,4.0,,,,3.0,1.0,0.0,,,,
37,岩崎　哲也,,4.0,,,,,,,,0.0,0.0,4.0
796,坂元　弥太郎,,4.0,,,,,,2.0,,0.0,,2.0
813,シュルツ,,4.0,,,,,,0.0,,0.0,1.0,3.0
408,黒木　優太,オリックス,4.0,1.0,3.0,,,,,,,,
744,トンキン,日本ハム,4.0,4.0,,,,,,,,,
602,久本　祐一,,4.0,,,0.0,,0.0,4.0,0.0,0.0,0.0,
411,森原　康平,楽天,4.0,0.0,4.0,,,,,,,,
603,マシス,,4.0,,,,,,,4.0,,,
745,玉井　大翔,日本ハム,4.0,2.0,2.0,,,,,,,,
184,近藤　大亮,オリックス,4.0,3.0,1.0,0.0,,,,,,,
761,今井　達也,西武,4.0,4.0,,,,,,,,,
76,松坂　大輔,中日,4.0,4.0,,0.0,,,,,,,
579,加藤　康介,,4.0,,,,0.0,0.0,2.0,0.0,0.0,2.0,0.0
245,西村　憲,,4.0,,,,,,1.0,,0.0,3.0,0.0
61,武藤　好貴,,4.0,,,0.0,4.0,0.0,,0.0,,,
807,平井　諒,,4.0,,0.0,1.0,,,1.0,2.0,,,
485,新垣　勇人,日本ハム,3.0,0.0,0.0,0.0,2.0,0.0,1.0,,,,
103,ジー,中日,3.0,3.0,,,,,,,,,
478,二神　一人,,3.0,,,,0.0,2.0,,1.0,,,
41,コーク,,3.0,,3.0,,,,,,,,
900,池田　駿,巨人,3.0,1.0,2.0,,,,,,,,
97,ＭＩＣＨＥＡＬ,,3.0,,,,,,,3.0,0.0,0.0,
506,日高　亮,,3.0,,,,,,1.0,2.0,0.0,,
893,松永　浩典,,3.0,,,,,,,1.0,0.0,1.0,1.0
526,オセゲラ,,3.0,,,,,2.0,1.0,,,,
530,高梨　雄平,楽天,3.0,3.0,0.0,,,,,,,,
648,林　昌樹,,3.0,,,,,,,,0.0,1.0,2.0
872,松本　幸大,,3.0,,,,,,2.0,0.0,,0.0,1.0
67,シェッパーズ,ロッテ,3.0,3.0,,,,,,,,,
63,平田　真吾,DeNA,3.0,0.0,1.0,0.0,2.0,0.0,,,,,
576,加藤　拓也,,3.0,,3.0,,,,,,,,
707,木塚　敦志,,3.0,,,,,,,,,1.0,2.0
50,堀　瑞輝,日本ハム,3.0,2.0,1.0,,,,,,,,
656,川越　英隆,,3.0,,,,,,,,0.0,2.0,1.0
845,陽　耀勲,,3.0,,,,,,,3.0,,0.0,0.0
453,髙橋　遥人,阪神,3.0,3.0,,,,,,,,,
372,梅野　雄吾,ヤクルト,3.0,2.0,1.0,,,,,,,,
301,ブリガム,,3.0,,,3.0,,,,,,,
806,オンドルセク,,3.0,,,1.0,2.0,,,,,,
316,荻野　忠寛,,3.0,,,,,,0.0,0.0,,,3.0
436,パットン,DeNA,3.0,0.0,3.0,,,,,,,,
236,レスター,,3.0,,,,,,,,,2.0,1.0
373,クライン,,3.0,,3.0,,,,,,,,
809,小川　龍也,西武,3.0,0.0,0.0,1.0,0.0,1.0,0.0,1.0,0.0,,
229,リズ,,3.0,,,3.0,,,,,,,
226,香月　良仁,,3.0,,,0.0,1.0,0.0,0.0,1.0,,1.0,
159,コーコラン,,3.0,,,,,,3.0,,,,
332,井口　和朋,日本ハム,3.0,1.0,1.0,1.0,,,,,,,
410,カーライル,,3.0,,,,,,,,,3.0,
336,野間口　貴彦,,3.0,,,,,,,0.0,0.0,2.0,1.0
217,寺原　早人,,3.0,,,,,,,,,3.0,
406,長峰　昌司,,3.0,,,,,,,,,1.0,2.0
828,ベイル,,3.0,,,,,,,,,3.0,
170,吉田　侑樹,日本ハム,3.0,1.0,2.0,,,,,,,,
174,グラマン,,3.0,,,,,,,,1.0,0.0,2.0
207,山本　淳,,3.0,,,,,,1.0,1.0,,0.0,1.0
363,小林　寛,,3.0,,0.0,0.0,0.0,,1.0,,2.0,,
200,田嶋　大樹,オリックス,3.0,3.0,,,,,,,,,
821,岩橋　慶侍,,3.0,,2.0,1.0,0.0,0.0,,,,,
822,石川　直也,日本ハム,3.0,2.0,1.0,0.0,,,,,,,
189,レデズマ,,3.0,,,,,,3.0,0.0,,,
713,フランスア,広島,3.0,3.0,,,,,,,,,
840,アッチソン,,3.0,,,,,,,,,,3.0
261,朝井　秀樹,,3.0,,,,,,,,,,3.0
137,佐藤　勇,,3.0,,,3.0,,,,,,,
272,篠原　貴行,,3.0,,,,,,,3.0,0.0,0.0,
276,パヤノ,,3.0,,,,,2.0,,,,,1.0
464,山村　宏樹,,3.0,,,,,,,,1.0,2.0,0.0
277,ロメロ,,3.0,,,,,,,,3.0,0.0,
848,福盛　和男,,3.0,,,,,,,,,2.0,1.0
455,梅津　智弘,,3.0,,,,,0.0,0.0,0.0,1.0,1.0,1.0
132,土屋　健二,,3.0,,,,,1.0,1.0,1.0,,0.0,
788,ワズディン,,3.0,,,,,,,,,,3.0
470,大原　慎司,,3.0,,,0.0,1.0,1.0,0.0,0.0,1.0,,
802,佐野　泰雄,西武,3.0,1.0,1.0,1.0,0.0,,,,,,
711,渡辺　亮,,3.0,,,,0.0,0.0,0.0,0.0,1.0,2.0,0.0
30,ボルシンガー,ロッテ,2.0,2.0,,,,,,,,,
292,三瀬　幸司,,2.0,,,,,0.0,0.0,0.0,1.0,,1.0
817,ラルー,,2.0,,,,,,2.0,,,,
353,伊藤　和雄,阪神,2.0,1.0,0.0,0.0,,0.0,,1.0,,,
209,高橋　樹也,広島,2.0,0.0,2.0,,,,,,,,
755,桟原　将司,,2.0,,,,,,,,,1.0,1.0
750,熊原　健人,,2.0,,1.0,1.0,,,,,,,
605,古川　秀一,,2.0,,,,0.0,,0.0,0.0,0.0,2.0,
664,河内　貴哉,,2.0,,,,0.0,1.0,1.0,0.0,,,
805,乾　真大,,2.0,,0.0,0.0,0.0,0.0,0.0,2.0,0.0,,
901,桜井　俊貴,,2.0,,1.0,1.0,,,,,,,
196,宋　家豪,楽天,2.0,2.0,,,,,,,,,
795,マーティン,西武,2.0,0.0,2.0,0.0,,,,,,,
53,高橋　昂也,広島,2.0,2.0,,,,,,,,,
193,本柳　和也,,2.0,,,,,,,,,,2.0
305,金澤　健人,,2.0,,,,,,0.0,0.0,1.0,1.0,0.0
798,福　敬登,,2.0,,0.0,2.0,,,,,,,
793,カラシティー,ヤクルト,2.0,2.0,,,,,,,,,
38,牛田　成樹,,2.0,,,,,,,0.0,1.0,1.0,0.0
896,近藤　弘樹,楽天,2.0,2.0,,,,,,,,,
617,カーペンター,,2.0,,,,,2.0,,,,,
596,河野　秀数,,2.0,,,,,0.0,2.0,,,,
773,高宮　和也,,2.0,,,1.0,0.0,0.0,0.0,0.0,0.0,0.0,1.0
592,横山　雄哉,,2.0,,0.0,0.0,2.0,,,,,,
291,岩下　大輝,ロッテ,2.0,2.0,,,,,,,,,
325,徳山　武陽,,2.0,,,0.0,1.0,1.0,,,,,
327,金田　和之,オリックス,2.0,0.0,1.0,0.0,0.0,1.0,,,,,
768,佐竹　健太,,2.0,,,,,,,0.0,0.0,1.0,1.0
18,植松　優友,,2.0,,,,2.0,,,,,,
343,星野　智樹,,2.0,,,,,,1.0,0.0,0.0,0.0,1.0
22,柳瀬　明宏,,2.0,,0.0,0.0,1.0,1.0,0.0,,,,0.0
257,アダメス,巨人,2.0,2.0,,,,,,,,,
246,中後　悠平,DeNA,2.0,0.0,,,,1.0,1.0,0.0,,,
280,澤田　圭佑,オリックス,2.0,0.0,2.0,,,,,,,,
582,成田　翔,ロッテ,2.0,0.0,2.0,,,,,,,,
652,ブラックリー,,2.0,,,,,2.0,,,,,
580,高橋　光成,,2.0,,,,2.0,,,,,,
250,トーマス,,2.0,,,,,,2.0,,,,
851,清水　昭信,,2.0,,,,,,0.0,,,1.0,1.0
721,ペトリック,,2.0,,,2.0,,,,,,,
59,谷岡　竜平,巨人,2.0,1.0,1.0,,,,,,,,
133,アドゥワ　誠,広島,2.0,2.0,,,,,,,,,
490,ペレス,,2.0,,,2.0,,,,,,,
534,ダービン,,2.0,,,,,,,,,2.0,
145,豊田　拓矢,西武,2.0,0.0,,0.0,0.0,2.0,,,,,
829,アルバース,オリックス,2.0,2.0,,,,,,,,,
403,アルバラデホ,,2.0,,,,,,,,2.0,,
164,鈴木　義広,,2.0,,,,,0.0,1.0,0.0,1.0,0.0,0.0
527,オルモス,ロッテ,2.0,2.0,,,,,,,,,
525,ソコロビッチ,,2.0,,,,,,2.0,,,,
870,西村　天裕,日本ハム,2.0,2.0,,,,,,,,,
161,金　無英,,2.0,,,0.0,,0.0,1.0,1.0,0.0,,0.0
449,ハウザー,,2.0,,,,,,2.0,,,,
700,白仁田　寛和,,2.0,,,0.0,2.0,,0.0,0.0,0.0,,
417,ガルセス,,2.0,,2.0,,,,,,,,
94,ブラッドリー,,2.0,,,,,,2.0,,,,
843,コーディエ,,2.0,,,2.0,,,,,,,
724,鍬原　拓也,巨人,2.0,2.0,,,,,,,,,
85,サンチェス,,2.0,,,,,,,,2.0,,
175,山本　由伸,オリックス,2.0,1.0,1.0,,,,,,,,
127,鄭　凱文,,2.0,,,,,,2.0,0.0,0.0,,
736,川崎　雄介,,2.0,,,,,,,,0.0,1.0,1.0
469,有銘　兼久,,2.0,,,,,,,0.0,0.0,0.0,2.0
109,トーレス,,2.0,,,,,,,,2.0,,
855,加藤　武治,,2.0,,,,,,,,,1.0,1.0
379,松崎　伸吾,,2.0,,,,,,,,0.0,2.0,0.0
441,吉野　誠,,2.0,,,,,,0.0,1.0,0.0,0.0,1.0
467,尾仲　祐哉,阪神,2.0,1.0,1.0,,,,,,,,
119,エスコバー,DeNA,2.0,2.0,,,,,,,,,
91,Ｍ．中村,,2.0,,,,,,,,,,2.0
462,牧野　塁,,2.0,,,,,,,,,,2.0
176,齊藤　大将,西武,2.0,2.0,,,,,,,,,
698,清水　章夫,,2.0,,,,,,,,,,2.0
126,横山　弘樹,,2.0,,,2.0,,,,,,,
388,メルセデス,巨人,2.0,2.0,,,,,,,,,
740,佐藤　優,中日,2.0,2.0,0.0,0.0,,,,,,,
515,李　恵踐,,2.0,,,,,,,,,1.0,1.0
783,斎藤　隆,,1.0,,,,0.0,1.0,0.0,,,,
696,バスケス,,1.0,,,0.0,1.0,,,,,,
699,ジェン,,1.0,,,,,,,,,0.0,1.0
846,ビロウ,,1.0,,,,1.0,,,,,,
863,安部　建輝,,1.0,,,,1.0,0.0,0.0,,,,
776,榎下　陽大,,1.0,,1.0,0.0,,0.0,0.0,,0.0,,
705,田面　巧二郎,,1.0,,,1.0,,,,,,,
792,渡辺　恒樹,,1.0,,,,,,,0.0,0.0,1.0,
849,平井　克典,西武,1.0,1.0,0.0,,,,,,,,
637,金剛　弘樹,,1.0,,,,,,,,,1.0,
902,福地　元春,,1.0,,,1.0,0.0,,,,,,
636,相澤　寿聡,,1.0,,,,,,,,0.0,1.0,
695,金村　曉,,1.0,,,,,,,,,0.0,1.0
675,相沢　晋,,1.0,,,,1.0,,,,,,
714,ファイフ,,1.0,,1.0,,,,,,,,
865,ミルズ,,1.0,,,,,,1.0,,,,
674,小野　郁,楽天,1.0,1.0,0.0,0.0,0.0,,,,,,
747,ザガースキー,,1.0,,,1.0,0.0,,,,,,
875,土肥　星也,ロッテ,1.0,0.0,1.0,,,,,,,,
824,宮川　将,,1.0,,,,,1.0,0.0,,,,
668,石崎　剛,阪神,1.0,0.0,1.0,0.0,0.0,,,,,,
825,ミッシュ,,1.0,,,1.0,,,,,,,
826,齊藤　信介,,1.0,,,,,,,,,,1.0
741,髙橋　聡文,阪神,1.0,0.0,0.0,1.0,,,,,,,
749,西宮　悠介,楽天,1.0,0.0,0.0,0.0,1.0,0.0,,,,,
885,大塚　豊,,1.0,,,,0.0,0.0,0.0,,1.0,,
680,床田　寛樹,,1.0,,1.0,,,,,,,,
754,三ツ間　卓也,中日,1.0,0.0,1.0,,,,,,,,
660,髙田　萌生,巨人,1.0,1.0,,,,,,,,,
819,セプティモ,,1.0,,,1.0,,,,,,,
890,ファンミル,,1.0,,,,,1.0,,,,,
818,ボウデン,,1.0,,,,,1.0,,,,,
654,守屋　功輝,阪神,1.0,0.0,0.0,1.0,,,,,,,
871,阿部　健太,,1.0,,,,,0.0,0.0,0.0,,,1.0
728,佐藤　誠,,1.0,,,,,,,,,,1.0
812,ブレイシア,,1.0,,1.0,,,,,,,,
727,鎌田　祐哉,,1.0,,,,,,,,,,1.0
869,正田　樹,,1.0,,,,,,1.0,0.0,,,
719,相内　誠,西武,1.0,1.0,,,,,,,,,
775,清原　大貴,,1.0,,,,,,0.0,,1.0,,
645,藤嶋　健人,中日,1.0,1.0,,,,,,,,,
716,ボイヤー,,1.0,,,,,,1.0,,,,
643,正津　英志,,1.0,,,,,,,,,,1.0
797,岡本　慎也,,1.0,,,,,,,,,,1.0
0,木村　雄太,,1.0,,,,,,,0.0,1.0,,
120,種市　篤暉,ロッテ,1.0,1.0,,,,,,,,,
116,弥太郎,,1.0,,,,,,,,,1.0,
154,加藤　幹典,,1.0,,,,,,,,0.0,1.0,0.0
152,ワグナー,西武,1.0,1.0,,,,,,,,,
147,井上　雄介,,1.0,,,,,,,0.0,,1.0,
396,黄　志龍,,1.0,,,,,,,,,1.0,
414,髙橋　朋己,西武,1.0,0.0,1.0,0.0,,,,,,,
418,ヘルメン,,1.0,,1.0,,,,,,,,
424,星野　大地,,1.0,,,,,1.0,0.0,,,,
426,土本　恭平,,1.0,,,,,,,,,1.0,
429,大久保　勝信,,1.0,,,,,,,,,0.0,1.0
435,土肥　義弘,,1.0,,,,,,,,,0.0,1.0
117,長谷川　昌幸,,1.0,,,,,,,,,,1.0
457,武内　久士,,1.0,,,,0.0,,1.0,,,0.0,
382,田中　英祐,,1.0,,,,1.0,,,,,,
465,萩原　淳,,1.0,,,,,,,,,,1.0
108,バレット,,1.0,,,,,,,,,,1.0
475,加治屋　蓮,ソフトバンク,1.0,1.0,0.0,0.0,,,,,,,
486,ローチ,オリックス,1.0,1.0,,,,,,,,,
492,広池　浩司,,1.0,,,,,,,,,1.0,
494,三井　浩二,,1.0,,,,,,,,,,1.0
104,松本　輝,,1.0,,,,,,,,,1.0,0.0
496,金森　敬之,,1.0,,,0.0,0.0,,,,,1.0,0.0
499,高市　俊,,1.0,,,,,,,,0.0,0.0,1.0
96,入野　貴大,,1.0,,0.0,0.0,1.0,,,,,,
507,水野　滉也,,1.0,,1.0,,,,,,,,
162,吉原　正平,,1.0,,,,,1.0,,,,,
381,赤間　謙,,1.0,,0.0,1.0,,,,,,,
508,西川　雅人,,1.0,,,,,,,0.0,0.0,0.0,1.0
630,モルケン,,1.0,,,,,,0.0,1.0,,,
284,松下　建太,,1.0,,,,,,1.0,,,,
289,眞下　貴之,,1.0,,,,,,,,0.0,1.0,
294,ドイル,,1.0,,,,,,,1.0,,,
253,井上　公志,,1.0,,,,,,1.0,,,,
251,大下　佑馬,ヤクルト,1.0,1.0,,,,,,,,,
247,橋本　健太郎,,1.0,,,,,,,0.0,,1.0,0.0
302,クレイマー,,1.0,,,,,,,1.0,,,
304,青山　大紀,オリックス,1.0,0.0,0.0,1.0,,,,,,,
314,杉山　直久,,1.0,,,,,,,,,0.0,1.0
320,小林　正人,,1.0,,,,,0.0,0.0,,0.0,0.0,1.0
230,田中　正義,ソフトバンク,1.0,1.0,,,,,,,,,
228,野田　昇吾,西武,1.0,1.0,0.0,0.0,,,,,,,
180,本田　圭佑,西武,1.0,0.0,0.0,1.0,,,,,,,
329,谷川　昌希,阪神,1.0,1.0,,,,,,,,,
331,寺田　哲也,,1.0,,,1.0,0.0,,,,,,
337,吉田　凌,,1.0,,1.0,,,,,,,,
339,ヤングマン,巨人,1.0,1.0,,,,,,,,,
340,阿知羅　拓馬,,1.0,,1.0,0.0,,,,,,,
344,笠原　将生,,1.0,,,,0.0,0.0,1.0,0.0,,,
348,蕭　一傑,,1.0,,,,,,,,1.0,,
191,小山田　保裕,,1.0,,,,,,,,,,1.0
190,松井　光介,,1.0,,,,,,0.0,0.0,0.0,1.0,0.0
187,ガラテ,,1.0,,,,1.0,,,,,,
362,馬場　皐輔,阪神,1.0,1.0,,,,,,,,,
95,服部　泰卓,,1.0,,,,,0.0,1.0,,0.0,0.0,
273,森内　壽春,,1.0,,,,0.0,0.0,0.0,1.0,,,
90,黒沢　翔太,,1.0,,0.0,0.0,1.0,0.0,,,,,
558,松家　卓弘,,1.0,,,,,,,,,0.0,1.0
62,江村　将也,,1.0,,,,,1.0,0.0,,,,
554,笠谷　俊介,ソフトバンク,1.0,1.0,0.0,,,,,,,,
598,寺島　成輝,ヤクルト,1.0,1.0,0.0,,,,,,,,
58,ギルメット,,1.0,,1.0,,,,,,,,
591,オーレンドルフ,,1.0,,1.0,,,,,,,,
586,キャンデラリオ,,1.0,,1.0,,,,,,,,
16,高木　啓充,,1.0,,,,,,,,,1.0,0.0
11,甲藤　啓介,,1.0,,,,,,,1.0,,0.0,0.0
584,戸根　千明,,1.0,,0.0,0.0,1.0,,,,,,
559,萬谷　康平,,1.0,,,,0.0,1.0,,,,,
20,篠原　慎平,巨人,1.0,0.0,1.0,,,,,,,,
51,小林　慶祐,オリックス,1.0,0.0,1.0,,,,,,,,
573,サターホワイト,,1.0,,,1.0,,,,,,,
566,ダース　ローマシュ匡,,1.0,,,,,,,,,1.0,
600,塹江　敦哉,,1.0,,,1.0,,,,,,,
45,長谷川　潤,,1.0,,,1.0,,,,,,,
66,須永　英輝,,1.0,,,,0.0,0.0,,,,0.0,1.0
535,石川　俊介,,1.0,,,,,,,,,0.0,1.0
83,ペニー,,1.0,,,,,,,1.0,,,
3,藤田　宗一,,1.0,,,,,,,,1.0,,0.0
81,二保　旭,ソフトバンク,1.0,0.0,,,1.0,,0.0,,,,
80,高橋　礼,ソフトバンク,1.0,1.0,,,,,,,,,
533,橋本　義隆,,1.0,,,,,,,0.0,1.0,0.0,0.0
73,森本　将太,,1.0,,,,0.0,,1.0,,,,
4,ピント,,1.0,,,,,,,1.0,,,
543,渡邉　啓太,ロッテ,1.0,1.0,,,,,,,,,
5,Ｋ－鈴木,オリックス,0.0,0.0,,,,,,,,,
238,進藤　拓也,,0.0,,0.0,,,,,,,,
40,モレノ,阪神,0.0,0.0,,,,,,,,,
194,ウルキデス,ヤクルト,0.0,0.0,,,,,,,,,
197,デラバー,,0.0,,,0.0,,,,,,,
268,林　イー豪,,0.0,,,,,,,,,0.0,
210,ブーチェック,,0.0,,,,,,,,,0.0,
267,青木　勇人,,0.0,,,,,,,,,0.0,0.0
213,小林　賢司,,0.0,,,,,,,,,,0.0
215,山崎　正貴,,0.0,,,,,,,,,0.0,
816,椎野　新,ソフトバンク,0.0,0.0,,,,,,,,,
32,菊沢　竜佑,,0.0,,0.0,,,,,,,,
29,コズロースキー,,0.0,,,,,,,,,,0.0
21,若竹　竜士,,0.0,,,,,,,0.0,0.0,0.0,
216,渡邉　恒樹,,0.0,,,,,,,,,,0.0
6,田村　伊知郎,西武,0.0,0.0,0.0,,,,,,,,
218,岡本　直也,,0.0,,,,,,,,0.0,,
220,菊地　正法,,0.0,,,,,,,,,,0.0
265,山本　一徳,,0.0,,,,,,,,0.0,0.0,0.0
19,田中　豊樹,日本ハム,0.0,0.0,0.0,0.0,,,,,,,
899,フェルナンデス,,0.0,,,,,,,0.0,,,
13,石井　弘寿,,0.0,,,,,,,,0.0,,
804,那須野　巧,,0.0,,,,,,,,,,0.0
242,深田　拓也,,0.0,,,,,,,,,,0.0
811,大塚　尚仁,,0.0,,,0.0,0.0,,,,,,
14,金伏　ウーゴ,,0.0,,,,0.0,,,,,,
262,古川　祐樹,,0.0,,,,,,,,,,0.0
232,横山　龍之介,,0.0,,,,,,,,,0.0,
233,横山　道哉,,0.0,,,,,,,,,,0.0
889,戸田　亮,,0.0,,,,,,0.0,,,,
237,杉原　洋,,0.0,,,,,,,,,0.0,
168,公文　克彦,日本ハム,0.0,0.0,0.0,0.0,,,0.0,,,,
888,木下　達生,,0.0,,,,,,,,0.0,,
64,ザラテ,,0.0,,,,,,0.0,,,,
847,川原　弘之,,0.0,,,,,,0.0,0.0,,,
57,松山　傑,,0.0,,,,,,,,,0.0,
878,秋親,,0.0,,,,,,,,,0.0,
123,齋藤　綱記,オリックス,0.0,0.0,,0.0,,,,,,,
122,伊藤　拓郎,,0.0,,,,,,,0.0,,,
274,ベイリス,,0.0,,,,,,,,,,0.0
876,伊藤　翔,西武,0.0,0.0,,,,,,,,,
114,沼田　拓巳,ヤクルト,0.0,0.0,,,,,,,,,
112,笠原　大芽,ソフトバンク,0.0,0.0,0.0,,,,,,,,
135,久米　勇紀,,0.0,,,,,,,,,0.0,0.0
68,伊藤　剛,,0.0,,,,,,,,,,0.0
72,柳川　洋平,,0.0,,,,,,,,0.0,,
856,鈴木　優,,0.0,,,0.0,0.0,,,,,,
100,上野　貴久,,0.0,,,,,,,,,0.0,
859,仁藤　拓馬,,0.0,,,,,,,,,,0.0
98,岩尾　利弘,,0.0,,,0.0,0.0,0.0,0.0,,,0.0,
88,ブロードウェイ,,0.0,,,0.0,,,,,,,
862,望月　惇志,阪神,0.0,0.0,,0.0,,,,,,,
134,丸山　泰資,,0.0,,0.0,,,,,,,,
844,ミゲル・メヒア,,0.0,,,,0.0,,,,,,
182,東條　大樹,,0.0,,0.0,0.0,,,,,,,
884,菅原　秀,楽天,0.0,0.0,0.0,,,,,,,,
886,アラウホ,,0.0,,0.0,,,,,,,,
171,岩見　優輝,,0.0,,,,,,0.0,,0.0,,
47,宮本　賢,,0.0,,,,,,,,,0.0,0.0
169,吉川　昌宏,,0.0,,,,,,,,,0.0,0.0
89,西原　圭大,,0.0,,,0.0,0.0,0.0,,,,,
830,金子　丈,,0.0,,,0.0,0.0,,,,,,
831,岡本　秀寛,,0.0,,,,,,,,,,0.0
167,サンティアゴ,,0.0,,,,0.0,,,,,,
48,カンポス,広島,0.0,0.0,,,,,,,,,
140,木村　文紀,,0.0,,,,,,,0.0,0.0,,
148,中塚　駿太,西武,0.0,0.0,0.0,,,,,,,,
837,宮台　康平,日本ハム,0.0,0.0,,,,,,,,,
881,弦本　悠希,,0.0,,,,,,,,0.0,,
839,飯田　哲矢,広島,0.0,0.0,0.0,0.0,0.0,,,,,,
146,長井　良太,広島,0.0,0.0,,,,,,,,,
56,モリーヨ,,0.0,,,,,,,,,0.0,
144,矢地　健人,,0.0,,,,0.0,,0.0,0.0,0.0,0.0,
142,高島　祥平,,0.0,,,,,,,,,0.0,
631,髙木　伴,,0.0,,,0.0,,,,,,,
326,辻　孟彦,,0.0,,,,,,0.0,,,,
794,山本　雅士,,0.0,,,,0.0,,,,,,
689,花田　真人,,0.0,,,,,,,,,,0.0
552,水田　章雄,,0.0,,,,,,,,,0.0,0.0
549,木下　雄介,中日,0.0,0.0,,,,,,,,,
548,高野　圭佑,ロッテ,0.0,0.0,0.0,0.0,,,,,,,
678,中川　皓太,巨人,0.0,0.0,0.0,0.0,,,,,,,
540,相原　勝幸,,0.0,,,,,,,,,0.0,
537,福永　春吾,阪神,0.0,0.0,0.0,,,,,,,,
683,玉置　隆,,0.0,,,,0.0,0.0,0.0,,,,
518,川崎　貴弘,,0.0,,,,,,0.0,,,,
686,佐藤　賢,,0.0,,,,,,,,0.0,0.0,0.0
517,山室　公志郎,,0.0,,,,,,,,,0.0,
511,有馬　翔,,0.0,,,,,,0.0,,,,
690,マドリガル,,0.0,,,,,,0.0,,,,
556,レルー,,0.0,,,,,,,,0.0,,
692,ドーマン,,0.0,,,,,,,,,,0.0
693,相原　和友,,0.0,,,0.0,0.0,0.0,,,,,
505,野村　亮介,,0.0,,,,0.0,,,,,,
504,土肥　寛昌,,0.0,,0.0,0.0,,,,,,,
697,西崎　聡,,0.0,,,,,,,,,,0.0
501,メンデス,,0.0,,0.0,,,,,,,,
701,佐藤　祥万,広島,0.0,0.0,0.0,0.0,,,0.0,0.0,0.0,0.0,
491,木谷　寿巳,,0.0,,,,,,,,,0.0,0.0
472,秦　裕二,,0.0,,,,,,,,,0.0,
461,中崎　雄太,,0.0,,,,,,0.0,,,,
447,角屋　龍太,,0.0,,,0.0,,,,,,,
673,植村　祐介,,0.0,,,,,,,0.0,,,0.0
671,濱矢　廣大,楽天,0.0,0.0,0.0,0.0,0.0,0.0,,,,,
443,土屋　朋弘,,0.0,,,,,,0.0,0.0,0.0,0.0,
578,島袋　洋奨,,0.0,,,,0.0,,,,,,
625,福田　岳洋,,0.0,,,,,,0.0,0.0,,0.0,
624,チルダース,,0.0,,,,,,,,,,0.0
612,コラレス,,0.0,,0.0,,,,,,,,
610,ライブリー,,0.0,,,,0.0,,,,,,
607,ロンドン,,0.0,,0.0,,,,,,,,
601,浜田　智博,,0.0,,,,0.0,,,,,,
644,チューク,,0.0,,,,,,,,,0.0,
647,中﨑　雄太,,0.0,,,0.0,,,,,,,
585,竹安　大知,,0.0,,0.0,,,,,,,,
651,大竹　耕太郎,ソフトバンク,0.0,0.0,,,,,,,,,
581,岡本　健,ソフトバンク,0.0,0.0,0.0,0.0,,,,,,,
577,Ｃ．Ｃ．リー,,0.0,,,0.0,,,,,,,
669,小澤　怜史,,0.0,,0.0,,,,,,,,
655,山本　翔也,阪神,0.0,0.0,0.0,0.0,0.0,0.0,,,,,
657,高橋　徹,,0.0,,,,,,,,,0.0,
658,高堀　和也,,0.0,,,,,,0.0,0.0,,,
572,綾部　翔,,0.0,,0.0,,,,,,,,
571,島本　浩也,阪神,0.0,0.0,,0.0,0.0,,,,,,
569,國場　翼,,0.0,,,0.0,,,,,,,
663,木村　正太,,0.0,,,,,,,,,,0.0
564,高木　伴,,0.0,,,,0.0,,,,,,
563,中島　彰吾,,0.0,,0.0,,,,,,,,
666,坂寄　晴一,,0.0,,,,0.0,,,,,,
560,大山　暁史,オリックス,0.0,0.0,0.0,0.0,,0.0,,,,,
444,栂野　雅史,,0.0,,,,,,,,,0.0,0.0
438,小島　心二郎,,0.0,,,,,,,,,0.0,
279,宮田　和希,,0.0,,,,0.0,0.0,,0.0,,0.0,0.0
319,池ノ内　亮介,,0.0,,,,,0.0,,,,,
357,中里　篤史,,0.0,,,,,,,,,0.0,0.0
356,高木　晃次,,0.0,,,,,,,,,,0.0
757,金村　大裕,,0.0,,,,,,,,,,0.0
347,小林正,,0.0,,,,,,,0.0,,,
759,森　跳二,,0.0,,,,,,,,,0.0,0.0
338,デラクルス,,0.0,,,,,,,,,0.0,
335,野川　拓斗,,0.0,,,0.0,,,,,,,
766,ロドリゲス,,0.0,,,,,,,,,,
328,伊東　昂大,,0.0,,,,,,,,,0.0,
322,屋宜　照悟,,0.0,,0.0,,0.0,,0.0,,,,
772,田村　丈,DeNA,0.0,0.0,,,,,,,,,
318,アコスタ,,0.0,,,,,,0.0,,,,
358,大場　達也,,0.0,,,,,,0.0,,,,
315,金平　将至,,0.0,,,0.0,0.0,0.0,,,,,
777,清水　達也,中日,0.0,0.0,,,,,,,,,
307,ミランダ,ソフトバンク,0.0,0.0,,,,,,,,,
780,丸山　貴史,,0.0,,,,,,,,,,0.0
300,谷中　真二,,0.0,,,,,,,,,0.0,0.0
784,星野　真澄,,0.0,,,,,,,0.0,0.0,0.0,
297,瀬川　隼郎,,0.0,,,0.0,0.0,,,,,,
295,松本　直晃,西武,0.0,0.0,,0.0,,,,,,,
789,髙橋　純平,,0.0,,0.0,,,,,,,,
791,藤原　正典,,0.0,,,,,,0.0,0.0,0.0,0.0,
283,阿南　徹,,0.0,,,,,0.0,0.0,,0.0,0.0,
753,山岸　穣,,0.0,,,,,,,,0.0,0.0,0.0
359,今野　龍太,楽天,0.0,0.0,,,0.0,0.0,,,,,
715,山本　徹矢,,0.0,,,,,,,,0.0,,
734,土田　瑞起,,0.0,,,0.0,0.0,0.0,,,,,
433,小林　雅英,,0.0,,,,,,,,0.0,0.0,
423,齊藤　勝,,0.0,,,,,0.0,0.0,,,,
422,石橋　良太,,0.0,,,0.0,,,,,,,
421,高木　京介,巨人,0.0,0.0,,,0.0,0.0,0.0,0.0,,,
420,竹下　真吾,,0.0,,,0.0,,,,,,,
419,宮﨑　敦次,,0.0,,0.0,0.0,,,,,,,
726,高井　雄平,,0.0,,,,,,,,,,0.0
416,ウエスト,,0.0,,0.0,,,,,,,,
400,佐藤　峻一,,0.0,,,0.0,,,,,,,
394,陳　冠宇,,0.0,,,,,0.0,,,,,
392,福倉　健太郎,,0.0,,0.0,,0.0,,,,,,
735,フィリップス,,0.0,,,,,0.0,,,,,
360,梶本　達哉,,0.0,,,,,,,,0.0,,
391,小宮山　悟,,0.0,,,,,,,,,,0.0
390,田川　賢吾,ヤクルト,0.0,0.0,,,,,,,,,
738,南川　忠亮,西武,0.0,0.0,0.0,0.0,,,,,,,
739,根本　朋久,,0.0,,,,,,0.0,0.0,0.0,0.0,0.0
389,ブラゾバン,,0.0,,,,,,,,0.0,,
384,カストロ,,0.0,,,,,,,0.0,,,
742,藤井　皓哉,広島,0.0,0.0,0.0,,,,,,,,
743,藪　恵壹,,0.0,,,,,,,,,0.0,
380,運天　ジョン・クレイトン,,0.0,,,,,,,,0.0,,
375,鴨志田　貴司,,0.0,,,,,,0.0,0.0,0.0,0.0,0.0
367,加藤　正志,,0.0,,,0.0,0.0,,,,,,
905,オスカル,,0.0,,0.0,0.0,,,,,,,
